,2021-02,2021-03,2021-04,2021-05,2021-06,2021-07,2021-08,2021-09,2021-10,2021-11,2021-12,2022-01,2022-02,2022-03,2022-04,2022-05,2022-06,2022-07,2022-08,2022-09,2022-10,2022-11,2022-12,2023-01,2023-02,2023-03,2023-04,2023-05,2023-06,2023-07,2023-08,2023-09,2023-10,2023-11,2023-12,2024-01,2024-02,2024-03,2024-04,2024-05,2024-06,2024-07,2024-08,2024-09,2024-10,2024-11,2024-12,2025-01,2025-02
B071G65YD8,,,,,,,,,,,,,,,,,,,,,,,,,,37.99,37.99,,38.99,,,,37.1525,36.725,36.31,35.32333333333333,33.99,33.24,,,,,33.24,52.50333333333333,,37.87,37.81136363636364,37.82333333333333,
B08QPJ1WRT,,16.98,16.98,17.48,23.4825,37.044285714285714,44.125,19.483333333333334,,,17.98,17.616666666666664,41.93478260869565,,18.885,32.81967213114754,30.763333333333332,23.29,21.74,26.146666666666665,24.287692307692307,26.32625,27.772000000000002,31.279230769230768,31.60666666666667,31.270000000000003,27.4375,32.86,25.264,24.18375,27.485,23.03833333333333,21.357999999999997,21.97225806451613,22.586,27.349999999999998,22.786666666666665,44.00071428571429,,30.2,32.0175,23.79,28.237499999999997,27.732857142857142,24.714,,23.79,34.510000000000005,21.41
B08RJJ8VP7,,33.39,26.99,23.349999999999998,22.51111111111111,20.801176470588235,21.82090909090909,19.329090909090908,19.91,19.955652173913045,19.963684210526317,19.207677419354837,19.66637931034483,19.0628,20.602758620689656,19.86,19.45,,,20.24125,15.523466666666666,17.37,,,18.0,,21.197169811320755,21.103846153846156,23.447142857142858,24.962272727272726,27.84611111111111,27.8445,18.711666666666666,24.075,34.12866666666667,26.76,,,,,,,,,29.99,,,,
B08VYGLX4M,,,,,,,,,6.99,,6.99,,,,,,,,,,,,,,6.99,7.656666666666666,8.323333333333332,7.99,,8.99,8.99,,,,8.99,,,,8.99,,,,,,,,,,
B094K24VYQ,,,,29.49,29.99,,29.99,,,,,,,,21.263333333333332,19.78333333333333,18.289166666666667,19.366304347826084,18.606103896103892,16.2225,16.222919708029195,15.92336,16.672,16.184823529411766,16.78548387096774,17.6965,16.19590909090909,15.766,15.912222222222223,15.880754716981132,16.35,16.303809523809523,16.242857142857144,19.262,22.460689655172413,,22.05263157894737,18.41142857142857,15.864166666666668,21.395555555555553,21.06,18.74833333333333,13.636363636363637,16.17192307692308,22.173846153846153,12.0,,22.080000000000002,21.594
B09V3G85FR,,,,,,,,,,,,,,7.99,16.28909090909091,7.640000000000001,9.799999999999999,,21.486666666666665,8.99,8.49,8.59,8.69,7.49,8.99,9.790000000000001,9.330000000000002,9.89,9.24,9.49,8.365,8.365,11.785000000000002,,10.24,,16.78,18.49,13.006666666666668,,,,,,,,10.055,,
B09VZN8K5L,,,,,,,,,,,,,,36.99,,,35.99,30.995,,33.072,,32.845,,26.49,35.98222222222222,35.97829787234043,35.979,32.7375,35.983333333333334,35.9775,,32.99,36.653333333333336,32.19,31.244999999999997,34.99,28.990000000000002,,,,30.990000000000002,36.99,59.4938888888889,,34.99,30.990000000000002,36.99,30.990000000000002,36.99
B0B192RX4X,,,,,,,,,,,,,,,,14.28,,,14.28,14.28,14.19,,15.48,,,,12.0,,,,,14.04,14.963333333333333,14.846153846153847,,12.0,,15.0,12.0,,,6.318,13.0,10.620000000000001,15.1975,15.0,15.24,13.160000000000002,
B0BL6WMRGG,,,,,,,,,,,,,,,,,,,,,,26.56,,24.09,26.74925925925926,28.481428571428573,29.736761904761906,30.061449275362314,28.57,29.688888888888886,,30.442666666666664,22.294,22.165,25.10076923076923,23.277948717948718,22.835714285714285,23.89576923076923,23.515,22.71375,21.90285714285714,26.905714285714286,24.12,26.56,23.240000000000002,23.730526315789472,24.4,25.62,25.812
B0BVG9FZ85,,,,,,,,,,,,,,,,,,,,,,,,,,,49.82,52.223333333333336,56.96,49.72615384615385,53.005,56.44563636363637,54.410714285714285,49.127042253521125,49.82921052631579,49.6082,49.0548717948718,49.23307692307692,49.29857142857143,36.901428571428575,31.3508,34.702962962962964,39.64272727272727,39.55487804878049,43.69862068965517,51.00888888888889,52.10648148148148,51.87736842105263,54.9075
B0C7FBH4QV,,,,,,,,,,,,,,,,,,,,,,,,,,,,,24.70375,29.049999999999997,28.37685185185185,36.68322580645162,27.816923076923075,29.55395348837209,28.570555555555554,25.695555555555554,20.456,17.86727272727273,17.485,15.99,15.567142857142857,17.406666666666666,17.813333333333333,20.1,22.64833333333333,23.494285714285713,23.985,23.985,23.985
B0CJW7BRX4,,,,,,,,,,,,,,,,,,,,,,,,,,,,,,,,,16.735,15.44,13.055,13.985,14.903076923076924,,,8.43,,9.991111111111111,9.928333333333333,10.301666666666668,,10.544,,,
B0CW471QPR,,,,,,,,,,,,,,,,,,,,,,,,,,,,,,,,,,,,,27.776666666666667,25.950625000000002,28.7992,28.585500000000003,28.84,28.256666666666668,28.954705882352943,32.402307692307694,28.973214285714285,30.295,28.662307692307692,25.35769230769231,25.93625
B0CZ4KLN8Q,,,,,,,,,,,,,,,,,,,,,,,,,,,,,,,,,,,,,,,29.99,29.99,26.86,24.99,41.53,,,53.78583333333333,52.99830769230769,50.111538461538466,47.21918918918919
B0CZF7YF6F,,,,,,,,,,,,,,,,,,,,,,,,,,,,,,,,,,,,,,,39.99,35.706111111111106,31.19538461538462,28.228571428571428,26.903333333333332,26.995,44.05639344262295,31.088,36.526041666666664,40.965312499999996,30.732499999999998
B0D33TVTFD,,,,,,,,,,,,,,,,,,,,,,,,,,,,,,,,,,,,,,,,8.74,8.485,7.739999999999999,7.293333333333333,6.91,7.15195652173913,6.995517241379311,5.860983606557377,4.59,6.817368421052632
B0D64MDDYT,,,,,,,,,,,,,,,,,,,,,,,,,,,,,,,,,,,,,,,,,59.370000000000005,56.97,,54.26,77.02363636363636,71.25125,75.0,69.12545454545455,70.878
B0DJ1ZGDC5,,,,,,,,,,,,,,,,,,,,,,,,,,,,,,,,,,,,,,,,,,,,,34.5,34.5,,37.5,
B0DJ21V7LZ,,,,,,,,,,,,,,,,,,,,,,,,,,,,,,,,,,,,,,,,,,,,,37.5,,,39.0,
B0DT6FQ329,,,,,,,,,,,,,,,,,,,,,,,,,,,,,,,,,,,,,,,,,,,,,,,,55.00666666666666,60.82
B00R4HS45A,,,,,,,,,,,,,,,,,,,,,16.126666666666665,20.32857142857143,23.59875,20.7702,16.107142857142858,15.321666666666667,10.090579710144928,5.73,4.99,7.194,13.927857142857144,19.68846153846154,7.057142857142857,9.783953488372093,8.994086021505376,8.909152542372881,8.98625,8.960933333333333,8.865862068965518,,,,6.338,7.375,17.81361111111111,,12.967142857142859,7.5600000000000005,
B08JBLJYFY,,,,,,,,,,,,,,,29.888181818181817,26.121304347826086,25.694857142857146,20.362499999999997,18.99,24.642567567567568,17.413999999999998,17.466444444444445,21.692592592592593,21.451764705882354,19.38625,19.232499999999998,19.313846153846153,18.735,15.66642857142857,15.9575,16.133214285714285,16.041960784313726,15.857377049180327,16.049636363636363,15.007111111111112,15.431052631578947,13.551428571428572,10.615,13.932727272727272,13.287945205479453,14.460714285714285,13.838904109589041,13.314871794871793,10.793888888888889,13.621081081081082,13.573142857142857,13.310588235294118,,
B08V955XLZ,32.40333333333333,34.39625,34.881875,35.294117647058826,34.02066666666666,33.76125,33.95,33.115,33.603,,,,35.506,35.24625,35.85176470588235,,36.99,,,33.094,36.794,50.094,41.49,43.41,,,,,,,,,42.769999999999996,38.49,41.99,38.93333333333333,,41.832499999999996,39.15,39.156666666666666,,,35.84,,,,,43.94,
B09HY4KMWS,,,,,,,,,30.62,,30.55,29.916666666666668,28.20636363636364,26.39875,26.17739130434783,28.70444444444444,29.09111111111111,29.21666666666667,27.305833333333336,26.2,22.95,22.924999999999997,26.781176470588235,25.649,30.499000000000002,29.43104166666667,28.739166666666666,22.947499999999998,20.17,20.965,21.696399999999997,26.915000000000003,26.956666666666667,19.552500000000002,27.323636363636364,25.43,20.378333333333334,21.535,21.655714285714286,22.830000000000002,21.041428571428572,22.99,17.275714285714283,17.99,24.49,23.99,25.49,25.99,29.985
B09LSNJTWF,,,,,,,,,,19.42,13.68,12.45,10.228571428571428,10.853333333333333,12.521600000000001,13.148888888888889,,24.66,19.46,18.568571428571428,13.782,12.020833333333334,15.625,17.09813953488372,17.57,14.704166666666666,15.15,16.015833333333333,15.81,,17.11,17.93,26.790588235294116,26.459999999999997,21.594285714285714,,26.524,30.53,20.838461538461537,24.08,18.29,,,16.486923076923077,16.44390243902439,16.361836734693878,16.37,,13.155000000000001
B09S26542Z,,,,,,,,,,,,,,,,,,,,,28.35,16.231818181818184,16.518,16.50153846153846,16.67086956521739,16.075833333333332,17.430625,,18.0,,18.0,15.806666666666667,19.14,16.725,20.313333333333333,19.99,17.685,19.028,16.98,15.95,18.473333333333333,18.085,17.88,,16.65875,16.653750000000002,16.54,20.0,18.0
B0BKR5RD3W,,,,,,,,,,,,,,,,,,,,,47.95,45.61666666666667,,,44.28333333333334,41.3875,45.38428571428572,43.88611111111111,42.23548387096774,39.60486725663717,36.464000000000006,39.9241610738255,36.04875,36.555,34.06409638554217,34.74166666666667,38.838367346938774,39.89847826086957,37.04541666666667,33.98375,33.953,35.2152,34.657,37.385416666666664,40.14392857142857,35.74,34.82,33.57333333333333,35.49
B0BS1XTLPS,,,,,,,,,,,,,,,,,,,,,,,,15.04,12.933333333333332,17.04,18.4125,19.615142857142857,18.25142857142857,17.85642857142857,17.77852941176471,18.09926829268293,19.041249999999998,20.296857142857142,19.01090909090909,18.398965517241383,17.69333333333333,17.11,17.258,16.206818181818182,16.35257142857143,12.95,13.035555555555554,14.574000000000002,15.637272727272727,11.04,13.8,14.554117647058824,13.850000000000001
B0CDCQB6WN,,,,,,,,,,,,,,,,,,,,,,,,,,,,,,,40.0,,,,,,37.0,,38.0,,,,,37.0,,,38.016666666666666,41.275,39.245000000000005
B0CDN7F3GL,,,,,,,,,,,,,,,,,,,,,,,,,,,,,,,55.58615384615385,55.29,55.14,55.14,,37.01,30.669999999999998,17.945,17.88,,16.183333333333334,15.905,16.585,,,16.855,16.243333333333332,,17.653333333333332
B0CFBJBSSY,,,,,,,,,,,,,,,,,,,,,,,,,,,,,,,,,,,,,,28.74,24.985,27.38086956521739,27.31833333333333,26.940499999999997,27.058863636363636,28.669245283018867,26.99111111111111,27.49,28.285,29.862222222222222,29.31875
B0CHXWGBMJ,,,,,,,,,,,,,,,,,,,,,,,,,,,,,,,,18.91,19.45,,,,,,,18.49,,18.49,18.386666666666667,,20.49,20.99,,,
B0CM43QLM7,,,,,,,,,,,,,,,,,,,,,,,,,,,,,,,,,,,23.32428571428571,22.441875,21.825,21.865,,,,,22.925454545454546,21.84357142857143,22.5475,20.715,20.715,25.125,
B0CQKNMDWX,,,,,,,,,,,,,,,,,,,,,,,,,,,,,,,,,,,,82.62,85.457,99.69,101.13499999999999,81.315,81.315,81.55777777777777,91.29400000000001,89.68111111111111,89.6178947368421,79.55875,88.9325,91.235,
B0CQPMSV85,,,,,,,,,,,,,,,,,,,,,,,,,,,,,,,,,,,,31.213333333333335,33.50333333333334,33.605000000000004,24.95,20.314,19.45157894736842,42.0,38.489999999999995,,,,,,34.98
B0CSFTB962,,,,,,,,,,,,,,,,,,,,,,,,,,,,,,,,,,,,26.64,,26.53,26.222,,29.99,27.266363636363636,27.468,,25.73,24.0,27.6,,22.8
B0CW22LNSM,,,,,,,,,,,,,,,,,,,,,,,,,,,,,,,,,,,,,,,,,7.32,4.49,3.99,4.560895522388059,5.588809523809523,9.955185185185186,10.06421052631579,9.6025,6.776190476190477
B0DH58R6VH,,,,,,,,,,,,,,,,,,,,,,,,,,,,,,,,,,,,,,,,,,,,,14.99,,,,
B0DJZ6JLCS,,,,,,,,,,,,,,,,,,,,,,,,,,,,,,,,,,,,,,,,,,,,,31.96,,,,
B0DT6F1Z4H,,,,,,,,,,,,,,,,,,,,,,,,,,,,,,,,,,,,,,,,,,,,,,,,169.28333333333333,196.225
B00W6T2RZE,,,,,,,,,,,,,,,14.98,,11.99,11.002500000000001,9.885,10.2625,9.965,13.99,12.275,,6.12,15.323333333333332,,10.040000000000001,11.8,13.99,,,6.12,6.12,,,6.12,6.12,6.12,,,,10.555,11.787777777777778,11.725,7.1075,9.73375,8.676470588235293,9.345,9.983103448275862
B0141FTDDO,,,,,,,,,,,,,,,,,,,,,,,,,,,,,,,,,,,,,,,,,56.14833333333333,30.384642857142858,26.7459375,28.34142857142857,24.595,23.043333333333333,22.656666666666666,22.5,23.8925,26.301111111111112
B08T6NT456,,,,29.88,,,,,29.88,33.196666666666665,28.25,29.99,36.99,,34.973333333333336,34.6125,32.71875,34.652,34.69857142857143,32.81666666666666,36.99,39.99,30.61,,23.99,22.906666666666666,21.97,19.99,29.27333333333333,28.42222222222222,25.84,25.935555555555553,25.993333333333332,24.313333333333333,22.494999999999997,23.768749999999997,23.115,24.619999999999997,26.720000000000002,26.97,23.65833333333333,23.52125,24.807777777777776,24.31,23.595999999999997,24.41375,26.086470588235294,27.95,25.968333333333334,28.478666666666665
B08V45YNW6,,22.63,23.463333333333335,23.92,25.214285714285715,23.84,23.759999999999998,27.880000000000003,27.880000000000003,27.880000000000003,27.880000000000003,27.88,27.880000000000003,31.92,23.470588235294116,25.07222222222222,32.089999999999996,30.619999999999997,,,,,36.785,28.490000000000002,26.722857142857144,17.88,36.30235294117647,35.977999999999994,30.415,26.824545454545454,,17.16,,,23.955,,,,,20.7725,19.78,,,,,,25.953333333333333,,18.8675,17.6775
B09FXVQ8WN,,,,,,,,,26.935000000000002,27.724761904761905,26.446500000000004,29.182,27.94142857142857,27.703333333333333,27.99,25.835,27.99,28.99,27.799999999999997,22.39,26.47,24.74,23.703333333333333,24.81,23.846666666666668,24.2025,24.145581395348838,24.104358974358973,25.74,25.74,25.952499999999997,26.611428571428572,27.071944444444444,25.543333333333333,20.973636363636363,29.74,20.056666666666665,28.240000000000002,28.240000000000002,25.647499999999997,19.256470588235295,23.81,26.573333333333334,23.531666666666666,18.47,20.53833333333333,19.146666666666665,20.264285714285712,19.99,23.49
B09J98V6HC,,,,,,,,,,,,,,,,,,,,,29.5,29.009999999999998,21.934,11.817272727272726,11.956249999999999,11.678780487804877,11.5248,11.455925925925927,11.444166666666668,11.154375,11.297428571428572,,,,,12.245000000000001,11.660555555555554,,,,10.49,,7.003333333333333,10.59608695652174,19.696,11.279166666666667,11.013529411764708,10.535454545454545,11.284117647058824,11.637619047619049
B09WJMWCVQ,,,,,,,,,,,,,,,,22.823333333333334,24.008,23.99,,,22.189999999999998,,,,,23.725,23.046842105263156,19.71,,21.77333333333333,23.983333333333334,22.646666666666665,27.93166666666667,,18.0375,20.705,21.926666666666666,23.97,22.19666666666667,22.723333333333333,20.063333333333333,15.97,21.439999999999998,23.436666666666667,25.32,22.5825,15.51142857142857,16.147,22.235555555555557,25.6475
B09YGDKGDW,,,,,,,,,,,,,,,,32.99,,,,,,29.99,,28.49,,29.547142857142855,29.854999999999997,28.56894736842105,29.875,,,,29.636666666666667,28.353846153846156,28.504056603773584,27.625714285714285,28.492571428571427,28.74857142857143,,,,27.9,25.653333333333332,26.801499999999997,27.3,28.713,27.900000000000002,27.9,28.576,29.371333333333332
B0BFK7ZJYV,,,,,,,,,,,,,,,,,,,,,,,,,,27.493333333333336,23.425,23.342222222222222,23.217272727272725,23.084999999999997,9.391851851851852,6.583478260869566,6.336363636363637,4.99,5.865,6.7575,6.501052631578948,,4.99,4.91,5.25,5.656666666666666,,,,6.323333333333333,6.235454545454545,5.998,,6.0725
B0BWSKYV63,,,,,,,,,,,,,,,,,,,,,,,,,,,9.226666666666667,9.1,8.49,7.781428571428571,8.22340425531915,8.235000000000001,,7.99,,8.0,8.24,8.316666666666668,7.644166666666667,7.24,7.4975000000000005,5.99,4.138571428571429,7.888571428571429,7.88468085106383,6.9265625,7.461724137931035,9.146868686868688,5.22,5.99
B0BXV88D8R,,,,,,,,,,,,,,,,,,,,,,,,,,,,,24.99,,24.99,24.99,22.49,23.323333333333334,,24.576666666666664,22.49,,,22.49,,,,,23.49,,,,,
B0BZWQ78RT,,,,,,,,,,,,,,,,,,,,,,,,,,,,4.99,,,,,,,,18.57,4.99,4.49,3.99,2.5,3.99,,,,,4.99,3.99,,2.65,2.7988888888888885
B0C1PZD7G7,,,,,,,,,,,,,,,,,,,,,,,,,,,,24.79,24.79,24.79,,22.805,24.79,25.41,19.476,19.753333333333334,21.599999999999998,18.540555555555557,28.303888888888892,23.75,,16.11,21.165,19.714444444444446,21.689999999999998,21.07,19.8725,,38.639375,36.12906976744186
B0CJMQHCV8,,,,,,,,,,,,,,,,,,,,,,,,,,,,,,,,,,10.73,11.1475,11.120000000000001,10.165263157894737,10.163333333333334,13.244444444444445,11.543076923076923,14.440000000000001,10.8875,9.88,10.960666666666667,10.852352941176472,10.747222222222222,9.80888888888889,9.932727272727274,10.105652173913043,10.13090909090909
B0CRJRKGJQ,,,,,,,,,,,,,,,,,,,,,,,,,,,,,,,,,,,,,,5.72,5.85,4.98,5.322413793103448,5.309166666666667,5.47027027027027,5.67,5.7700000000000005,5.6021052631578945,6.108461538461539,5.45,5.04,5.298333333333333
B0CS7YDJMS,,,,,,,,,,,,,,,,,,,,,,,,,,,,,,,,,,,,,27.57,33.605714285714285,28.33,27.99142857142857,29.973333333333333,29.96,,,28.26,28.017391304347825,28.333636363636366,28.84,25.235,28.8
B0CZF5GWTB,,,,,,,,,,,,,,,,,,,,,,,,,,,,,,,,,,,,,,,,39.99,34.33157894736842,34.89615384615385,23.833333333333332,32.72533333333333,38.81473684210526,30.5975,29.956666666666667,27.867,25.85,29.5875
B0CZMFXMJQ,,,,,,,,,,,,,,,,,,,,,,,,,,,,,,,,,,,,,,,,95.06315789473685,87.96625,89.76923076923077,82.84,79.2,81.215,77.90772727272727,79.02277777777778,79.37428571428572,77.1285,79.54354838709678
B0D5KMDXTL,,,,,,,,,,,,,,,,,,,,,,,,,,,,,,,,,,,,,,,,,7.99,7.99,7.99,,7.1899999999999995,14.648,11.99,12.940000000000001,,
B0DQZLF2VD,,,,,,,,,,,,,,,,,,,,,,,,,,,,,,,,,,,,,,,,,,,,,,,,,,22.735
B0005YXXFU,,,,,,,,,10.323571428571428,10.832456140350878,10.885980392156863,10.1835,10.309277108433736,16.11,23.4056,18.6444,11.76034188034188,12.359440000000001,12.571976744186047,13.52742857142857,12.863695652173913,12.04049180327869,12.191590909090907,12.617786885245902,12.369487179487178,,11.305,12.109714285714285,12.304,10.465714285714286,11.43,11.353846153846153,11.224,11.646666666666667,11.48,12.277,11.917142857142856,,11.604999999999999,11.91375,12.243636363636364,12.848518518518517,12.571219512195121,11.598571428571429,11.918148148148148,12.027058823529412
B0936GH86J,,62.43272727272727,57.9975,78.55375,70.60745762711865,58.342,66.28,65.06636363636363,65.37272727272727,66.91153846153846,65.21974358974359,63.75954545454545,66.89999999999999,75.459,,115.00899999999999,106.53166666666665,102.15799999999999,108.21999999999998,110.984,84.3675,,86.82142857142857,84.201,82.68642857142856,88.56,77.105,74.59117647058824,70.268,71.09272727272727,83.58166666666666,73.1875,112.13898550724637,76.97333333333333,80.91,71.08999999999999,64.95142857142858,63.54,57.601,63.335,63.22,98.91373134328359,94.05999999999999,104.888,73.39857142857143,55.99
B097Z67RLW,,,,,,,,,9.95,,,,,,,,,,,,,9.95,9.95,9.95,,,,,,9.95,9.95,9.95,9.95,,,,,,,7.96,9.95,,9.95,,9.455,
B0996CV2HN,,,22.35,23.512,25.748,24.524,24.594444444444445,24.529230769230768,24.225625,24.627142857142854,26.087142857142858,22.63153846153846,23.0875,23.17,24.205,22.564,22.54,22.3475,23.8275,24.95,24.95,24.95,26.00230769230769,25.0,,24.974999999999998,27.3,24.95,,24.314999999999998,24.975,25.0,,24.95,,,,23.73,24.0375,21.875,24.2625,22.296666666666667,,,24.195,
B09CBXQVMC,,,,,27.9,,,,27.9,32.58235294117647,34.08142857142857,34.510000000000005,34.5,,,,31.05,,30.189999999999998,30.189999999999998,36.0,31.259999999999998,,,,,34.885000000000005,36.025,,31.005000000000003,36.0,33.0,35.995000000000005,35.995000000000005,,31.375,31.5,,,,,,,,37.5,39.0
B09FFXR2VV,,,,,,,,,,,14.97,,,13.100000000000001,15.879999999999999,13.845,13.4725,14.720000000000002,15.43,13.84,13.675000000000002,13.84,13.84,13.84,14.065999999999999,13.55,14.38888888888889,13.47,13.183333333333335,14.97,14.614,13.845,14.070000000000002,13.845,14.090000000000002,13.620000000000001,12.995714285714286,13.616,14.706,13.845,13.684285714285716,14.704000000000002,14.530000000000001,13.845,13.874,13.620000000000001
B09HZC14K9,,,,,,20.075,,32.902,28.72666666666667,28.08666666666667,18.078333333333333,24.925,18.09578947368421,17.935,16.214285714285715,16.61388888888889,21.141666666666666,18.973750000000003,18.587083333333336,19.622083333333332,17.47909090909091,16.101428571428574,26.064,21.356470588235293,18.462857142857143,16.486666666666668,18.720000000000002,18.81230769230769,16.06074074074074,16.14,18.5745,19.16952380952381,16.72,16.42111111111111,23.375999999999998,17.82,15.332777777777778,12.497499999999999,31.616590909090913,18.877692307692307,16.0,21.876666666666665,21.554444444444446,17.535,14.700000000000001,32.92794117647059
B09TMNVQ2B,,,,,,,,,,,18.55,15.2125,16.43,,,18.494999999999997,18.5,19.19,,,,20.96857142857143,18.5,18.5,,,,,,,,,18.5,18.5,18.5,18.5,18.5,18.509999999999998,19.48,20.41,17.86,,,,,
B0B918D6XL,,,,,,,,,,,,,,,,25.99,,25.99,22.74,23.441666666666666,22.95888888888889,,19.259999999999998,19.035,18.944,19.36,17.924545454545456,20.9575,21.29391304347826,24.961111111111112,23.48047619047619,26.75,22.31692307692308,18.525000000000002,22.518,,19.675,18.740000000000002,17.56222222222222,18.32153846153846,19.2,,23.04,24.636799999999997,25.15833333333333,26.5
B0BQ5KRNJN,,,,,,,,,,,,,,,,,,,,,,,8.99,8.82,,,8.905000000000001,,8.82,8.82,,,9.61,9.586428571428572,10.856875,,,9.86,,13.436666666666666,15.975,14.679999999999998,,,,13.686086956521738
B0C1HSJX45,,,,,,,,,,,,,,,,,,,,,,,,23.29,,,20.962,19.998571428571427,19.167,17.263333333333332,18.60923076923077,17.176666666666666,19.41,21.169999999999998,23.79,23.79,21.756666666666664,,,22.005,35.3,34.523,25.4675,29.766,29.589999999999996,29.696666666666665
B0CGJJ5GWX,,,,,,,,,,,,,,,,,,,,,,,,,,,,44.39,42.19199999999999,,43.96,,41.96,37.215,39.16285714285714,39.29058823529412,44.788000000000004,41.818333333333335,41.94,41.033181818181816,41.43,39.97833333333333,39.44333333333333,37.51379310344828,36.41818181818182,34.735
B0CMV525SH,,,,,,,,,,,,,,,,,,,,,,,,,,,,,,,94.98,,,,,,,,92.91000000000001,122.87166666666667,129.87241379310345,131.111914893617,139.42816326530613,101.56,106.37833333333333,103.53
B0CP9VQRXN,,,,,,,,,,,,,,,,,,,,,,,,,,,,,,,,,19.99,19.99,,,,24.0,22.773636363636363,18.75611111111111,18.323333333333334,,30.2375,19.99,16.494285714285713,23.88
B0CRJT1YK9,,,,,,,,,,,,,,,,,,,,,,,,,,,,,,,,,7.29,,8.59,8.59,7.5996296296296295,7.635,11.434866666666666,8.765,11.290462962962962,11.272122641509434,9.278613138686133,6.761,5.84,6.553333333333334
B0D14XTWR8,,,,,,,,,,,,,,,,,,,,,,,,,,,,,,,,,,,,,79.56,61.18,,,72.92285714285714,62.036,63.239999999999995,,64.51714285714286,63.239999999999995
B0D14YF3NR,,,,,,,,,,,,,,,,,,,,,,,,,,,,,,,,,,,,7.98,,,,7.98,,,,,,
B0DGJ33NPB,,,,,,,,,,,,,,,,,,,,,,,,,,,,,,,,,,,,,,,,,13.99,13.99,13.99,,13.99,12.940000000000001
B0DJSY3CSY,,,,,,,,,,,,,,,,,,,,,,,,,,,,,,,,,,,,,,,,,,,,12.99,12.015,
B0DQXKNJGS,,,,,,,,,,,,,,,,,,,,,,,,,,,,,,,,,,,,,,,,,,,,16.99,16.99,
B06XKHNCZW,,,,,,,,,,,,,,,,,,12.817659574468085,12.438648648648648,12.1325,12.092266666666667,11.945348837209302,12.56536231884058,13.771869158878504,12.9153125,12.416507936507937,12.612083333333333,12.838,12.554285714285715,12.624107142857143,12.39,12.498235294117647,11.814,11.976,12.362,11.064,11.2625,12.875,12.97,11.11,10.773333333333333,14.085714285714285,11.415000000000001,11.888,12.97,10.75,10.484736842105264
B08ZGM8DGR,27.49,,17.143333333333334,,13.34,15.896666666666667,12.99,13.69,,,15.259999999999998,,,,,,,,13.2,,,,,,,12.34,13.2,11.38875,10.975454545454546,6.99,,,6.130000000000001,9.366,9.47235294117647,10.52,6.385714285714285,4.916666666666667,5.293142857142857,5.426818181818182,5.57625,5.13,5.38,5.38,,5.435882352941176,5.760000000000001
B093R6PHJ2,,,,18.939999999999998,18.99,18.915,17.476666666666667,18.348823529411764,,23.38,23.407948717948717,23.490000000000002,24.005454545454544,22.887999999999998,24.06,23.58718309859155,23.587540983606555,25.39909090909091,23.605060240963855,23.734897959183673,24.584999999999997,24.63608695652174,26.390000000000004,24.757532467532467,25.98551282051282,27.36,28.34151515151515,27.35666666666667,46.96862745098039,37.894800000000004,31.409767441860463,27.62,27.391250000000003,26.988076923076925,27.613333333333333,28.4668,,27.344565217391303,30.375925925925927,29.39076923076923,30.571111111111108,30.09982456140351,25.676086956521736,20.184444444444445,21.881999999999998,22.235294117647058,15.8475
B09FXFTFQ8,,,,,,,,,,39.99,,,,,39.99,,,36.99,,37.99,39.99,40.99,,,40.99,,,,,,,,,,40.99,,,,,,,,,38.94,,,
B09J1PT7YH,,,,,,,,,,,,,,,,,,,17.08,,,,,,,,,,,,7.79,,,,,,,,,,,19.195,16.995,17.087142857142855,,13.21,
B09WJJYM6S,,,,,,,,,,,,,24.99,23.161666666666665,22.911666666666665,21.16,18.49,25.634999999999998,24.99,19.6375,20.434444444444445,21.24,22.49,22.668888888888887,24.99,21.49,24.156666666666666,22.49,,21.24,,20.16,21.378888888888888,21.99,20.134285714285713,18.724999999999998,19.157,21.382727272727273,19.333750000000002,,17.5525,16.68857142857143,,16.24,22.030909090909088,30.756666666666668,33.152222222222214
B09XFLPXWT,,,,,,,,,,,,,77.315,69.39285714285714,38.18714285714286,,41.99,,,,,,,,,,,,,,41.99,,41.99,,,41.99,41.324999999999996,40.458,40.446666666666665,38.99,41.735,,41.474999999999994,,41.46,41.99,
B0BW85TKQY,,,,,,,,,,,,,,,,,,,,,,,,,20.48,20.98,17.98,16.98,16.98,17.73,16.98,16.98,16.98,16.98,36.677368421052634,34.27078947368421,31.05574468085106,16.98,,25.150000000000002,25.48810810810811,22.78,20.943333333333335,17.98,14.58,10.92,
B0BZB2Q7TV,,,,,,,,,,,,,,,,,,,,,,,,,,,12.69,13.4575,18.14,20.5836,15.81,12.87,16.569473684210525,15.0,,16.196428571428573,,18.684666666666665,17.758000000000003,20.0,13.501249999999999,12.485,11.735,13.99,14.781052631578946,13.49,16.69
B0C6NBWF97,,,,,,,,,,,,,,,,,,,,,,,,,,,75.5025,84.99043478260869,78.96333333333332,78.1842857142857,81.63045454545455,87.486,72.12866666666667,82.83375,67.384,71.46818181818182,67.84566666666666,61.1104,65.84417391304348,68.24780487804878,65.99,58.516,51.31636363636364,60.933076923076925,58.27000000000001,66.65333333333332,67.81166666666667
B0C863G7WL,,,,,,,,,,,,,,,,,,,,,,,,,,,,,14.959999999999999,15.0,15.093333333333334,,14.38,14.38,,,,,,,12.94,14.366666666666667,13.544,13.955,13.786153846153846,14.6825,13.74
B0CB4XZFN8,,,,,,,,,,,,,,,,,,,,,,,,,,,,,49.99,,49.99,48.74,,,,49.99,49.99,49.99,,,49.99,,49.99,,,,
B0CJCXLDSP,,,,,,,,,,,,,,,,,,,,,,,,,,,,,,,6.213333333333334,5.325,7.99,,7.99,14.354054054054055,14.586298076923075,,,,7.91,,7.96,7.955000000000001,10.688181818181818,7.94,
B0CTMG89PH,,,,,,,,,,,,,,,,,,,,,,,,,,,,,,,,,,,,,,,,,,129.99,,103.99,129.99,122.99000000000001,116.89000000000001
B0CZF622LK,,,,,,,,,,,,,,,,,,,,,,,,,,,,,,,,,,,,,39.99,47.48,,47.48,,56.974444444444444,44.31,28.73,30.271666666666665,43.757999999999996,49.13111111111111
B0D14X5G6D,,,,,,,,,,,,,,,,,,,,,,,,,,,,,,,,,,,,,19.773333333333337,19.94,,,,,,,19.92,,
B0D35WHCP6,,,,,,,,,,,,,,,,,,,,,,,,,,,,,,,,,,,,,,8.99,,,7.64,8.99,,,,23.964545454545455,
B0D86PV6WG,,,,,,,,,,,,,,,,,,,,,,,,,,,,,,,,,,,,,,,,15.95,15.99,,,,,14.863333333333335,
B0DF5WSLNX,,,,,,,,,,,,,,,,,,,,,,,,,,,,,,,,,,,,,,,,,,,,,,15.43,12.86
B0DJ2191KK,,,,,,,,,,,,,,,,,,,,,,,,,,,,,,,,,,,,,,,,,,,,49.0,,49.6875,
B07JFWNWVG,,,,,,,,,,,,,,,,,,,,,,,,,,,,,,,,,,,,,,,,,,27.325555555555557,19.935714285714287,14.9,33.535,,23.993333333333336,20.59125,20.26,19.692
B0824B36NW,,,,,,,,,,,,,,,,,,,,,,,,,,,,,,,,,,,,,,,,,11.156666666666666,6.973333333333334,6.684285714285714,6.305,8.086,,6.711666666666667,6.710000000000001,7.517246376811595,5.825714285714286
B08KJQGHM3,,,,,,11.695,10.235,11.395999999999999,7.955000000000001,9.45111111111111,7.268000000000001,8.455,8.526666666666666,7.01,6.085897435897436,6.382666666666667,7.914444444444445,5.81,4.98,,5.45,6.3566666666666665,6.565,6.286666666666666,6.465,6.36,5.919999999999999,5.79,6.254444444444444,6.210000000000001,,5.855,5.890000000000001,5.405,11.80818181818182,7.283243243243244,5.900967741935484,5.782417582417583,5.676666666666667,5.8217647058823525,5.857142857142857,7.606896551724137,8.192375,9.162105263157894,5.715,9.53,,11.632222222222222,10.267857142857142,5.49
B08KK974BS,,,,,5.48,7.41,5.48,12.99,12.785555555555556,11.524545454545455,9.614347826086956,7.304583333333333,8.46923076923077,6.971666666666667,5.75,5.85,5.515000000000001,5.096666666666667,4.5,,5.948620689655173,5.75375,5.72125,5.82,5.94,6.109999999999999,5.824999999999999,5.779090909090909,,5.84,5.705,5.093333333333334,,,,4.970000000000001,5.828,5.6450000000000005,5.628333333333334,5.715,5.715,5.743846153846154,5.771034482758621,5.5875,5.715,6.936666666666667,6.715,5.6066666666666665,5.94,5.49
B08NBF5VCH,,,,,11.66,11.988,8.68,9.17,9.401666666666667,9.198125000000001,9.1,9.1,9.10923076923077,7.280000000000001,14.548157894736843,9.14,9.013333333333334,9.62,,10.46,,,9.842857142857143,,,10.100000000000001,,10.478,10.55695652173913,10.092500000000001,10.71,10.44875,10.430000000000001,9.563333333333334,10.336666666666668,10.71,10.196315789473685,10.585,10.585,,10.585,,9.760000000000002,10.96,8.923333333333334,10.624137931034484,10.71,10.718620689655173,10.71,10.675555555555556
B08Z9W3BQL,,,,,,,14.79,12.83,,,,12.128888888888888,12.63264705882353,11.773783783783784,11.445,12.74,11.609047619047619,11.625714285714285,12.059999999999999,9.421428571428573,10.974,12.838181818181818,10.925714285714287,11.2775,10.937826086956521,11.00060606060606,11.215000000000002,11.284271844660195,11.030405405405405,10.749333333333334,10.782272727272728,11.1736,10.745555555555557,11.657692307692306,10.189047619047619,10.554084507042253,10.364117647058825,9.013636363636364,10.668684210526317,,7.825185185185185,6.9030000000000005,7.047692307692308,7.604166666666667,8.2548,8.999302325581397,9.350555555555555,10.736,10.774285714285714,10.247894736842106
B09GPYT1BL,,,,,,,,,19.18,19.39,19.54157894736842,19.245,,,17.323333333333334,18.878666666666668,17.99,19.97,16.823333333333334,,17.607142857142858,17.485,16.450731707317075,16.597362637362636,15.656530612244897,16.784615384615385,17.41444444444444,17.956071428571427,15.405,11.587499999999999,12.097,15.176999999999998,21.59,20.068,19.883333333333336,20.77625,18.634999999999998,19.009999999999998,20.780555555555555,18.064999999999998,16.474999999999998,16.65705882352941,,,16.55461538461538,16.7025,17.466666666666665,20.0,,
B09NZLBFY9,,,,,,,,,,,,,,,,,,,,,,,,,,,,,,,,,,,,,,,,,,,,,,,41.0,,25.29,
B0B1NR7KHG,,,,,,,,,,,,,,,,,,13.69,,,16.39,,15.25,12.780000000000001,11.48,11.48,,,,,,10.664615384615384,9.596666666666666,10.47,11.275714285714287,,,,,,,,,,,,,,,11.88
B0B1S8QD4Z,,,,,,,,,,,,,,,,,37.019999999999996,28.99,,,,,,25.365,,,32.181666666666665,30.6875,,23.73,31.715000000000003,22.82,,21.853333333333335,25.22,24.735,24.80333333333333,28.19,,24.09,30.05,34.13,,,,,,,,
B0B9DB8LBJ,,,,,,,,,,,,,,,,,,,,27.584166666666665,22.495,25.58666666666667,24.840555555555554,24.843333333333334,31.074,,33.230000000000004,,,,44.94,30.087999999999997,27.509545454545457,21.71166666666667,17.98,16.075,28.9715,37.21132075471698,,39.95,38.99,31.07,,,,44.91,,,,
B0BWGTZRWQ,,,,,,,,,,,,,,,,,,,,,,,,,,,23.99,,,,23.99,20.99,23.99,23.99,,,22.39,,,20.99,30.746,30.516923076923078,27.45090909090909,,29.12964285714286,29.740476190476187,22.99,23.99,31.520666666666667,
B0C7XL4PB8,,,,,,,,,,,,,,,,,,,,,,,,,,,,,,19.65,19.3025,,,,12.655000000000001,,,11.5,,,11.5,17.25,15.754,,,,8.79,7.953333333333333,8.02,13.24
B0CDQHC6CZ,,,,,,,,,,,,,,,,,,,,,,,,,,,,,,,,16.932666666666666,17.66318181818182,16.245,16.375,17.980588235294118,16.994285714285716,16.5,16.734,18.322,14.870000000000001,14.498333333333335,18.496666666666666,17.872,17.505000000000003,,17.335,,17.5775,
B0CP62DJFS,,,,,,,,,,,,,,,,,,,,,,,,,,,,,,,,,,,,12.58,12.58,,12.58,,,,32.654,25.279999999999998,13.969999999999999,16.766666666666666,,14.370000000000001,14.573333333333332,15.98
B0CW9YS23D,,,,,,,,,,,,,,,,,,,,,,,,,,,,,,,,,,,,,,,23.69,31.265,24.872,21.994999999999997,24.343888888888888,21.40125,20.743571428571425,21.224999999999998,34.792058823529416,32.272666666666666,22.85025641025641,22.04090909090909
B0CZM48236,,,,,,,,,,,,,,,,,,,,,,,,,,,,,,,,,,,,,,,,22.95,,,,,,,,,,
B0D14YHXSK,,,,,,,,,,,,,,,,,,,,,,,,,,,,,,,,,,,,,,,,15.36,,,,,,,15.36,15.36,,
B0D1LRHBNS,,,,,,,,,,,,,,,,,,,,,,,,,,,,,,,,,,,,,,,,21.99,,,,,,17.494999999999997,18.955,,21.74,
B0D2FQLQPQ,,,,,,,,,,,,,,,,,,,,,,,,,,,,,,,,,,,,,,,,9.313333333333334,9.18,9.286666666666667,9.071428571428571,9.366666666666667,8.95,7.8475,9.48,10.028571428571428,9.122941176470588,8.173684210526316
B07XHRSRZ2,,,10.603333333333333,8.43,9.955384615384615,7.18,7.404888888888888,7.201578947368421,6.9125,6.1871875,5.59,8.59,9.323333333333332,10.795,7.3,8.09,7.991666666666667,7.877142857142857,8.244117647058824,8.532,,,7.7778125000000005,7.95,,7.439166666666666,7.17111111111111,5.18,7.98,6.58,5.98,7.9628571428571435,7.912222222222223,7.95,7.631428571428572,7.327500000000001,6.712000000000001,,7.32,,,5.99,,6.957169811320755,7.1816666666666675,,7.005000000000001,7.005,7.007966101694914
B08R49RVZW,52.053999999999995,52.29190476190475,57.29672131147541,53.01102564102564,49.29818181818182,65.15333333333334,84.875,47.6225,46.26065217391304,44.64,48.0,46.995000000000005,53.0,,53.0,53.0,52.870000000000005,,,,,,,52.0,52.53846153846154,64.95,54.64888888888889,54.04600000000001,53.239375,53.18181818181818,53.655,,,48.125,,,54.81714285714286,52.0,,,52.0,,,,48.125,,54.44,58.919999999999995,
B092W6PD9Q,,,,,,,,23.076666666666668,25.064,25.47,,,23.76,27.58857142857143,32.5,24.12,37.84,32.90666666666667,22.99,24.35,23.375,23.375,23.375,,23.76,23.298,,25.060000000000002,26.68,,,,,,,,25.650909090909092,25.805,31.796666666666667,43.29090909090909,41.54,33.5,39.776666666666664,39.03666666666666,38.941818181818185,39.93714285714286,39.935,39.9,39.895
B09KP968MV,,,,,,,,,,,,,19.95,,,,,,17.45,,,,,,,,,19.95,,,,,19.95,,,,,18.62,19.95,19.95,,,15.96,19.95,,15.96,19.95,18.955,
B09M7SRT85,,,,,,,,,,15.870000000000001,,24.94066666666667,14.298799999999998,13.376800000000001,13.630652173913044,14.021176470588234,14.101999999999999,14.614444444444445,18.24,,17.74142857142857,16.6,15.565000000000003,14.885000000000002,20.375833333333333,18.188181818181818,16.963333333333335,,,15.5,15.415,21.785,18.0975,18.178,20.01,15.43,21.86,,22.43,22.586666666666662,23.165,20.035,20.42,22.245,22.922,15.95,16.02,18.316666666666666,20.78833333333333
B09NMW1KZS,,,,,,,,,,,43.20625,32.32333333333333,15.25111111111111,11.905000000000001,24.035,14.88,20.99,14.472428571428571,13.672758620689654,15.288055555555555,15.083709677419353,15.005394736842106,15.880256410256408,15.693475177304967,14.628769230769231,13.719733333333334,14.820740740740739,14.451333333333334,15.031818181818181,11.239230769230769,11.875,17.8,16.441499999999998,12.5375,15.985,15.665454545454544,17.8,14.428461538461537,14.559999999999999,10.620000000000001,10.285714285714286,10.436363636363636,12.419736842105262,12.534615384615384,13.812,15.191764705882353,13.85,13.991578947368419,13.51093023255814
B0B9ZY89WW,,,,,,,,,,,,,,,,,,,13.49,,13.49,13.49,,,15.173333333333332,,,,,,,,11.235,,,13.344999999999999,13.518181818181818,12.691666666666668,19.1384375,16.415,,16.21421052631579,,15.25,,22.88,,32.29,
B0BBL6LV1Q,,,,,,,,,,,,,,,,,,,,,,,,,30.365,15.603846153846153,11.377058823529412,,,11.456666666666667,14.780833333333334,9.99,,,14.56142857142857,9.99,21.14,9.940000000000001,,,,9.316315789473684,,16.0175,10.866,9.985,,,
B0BJ7R53MF,,,,,,,,,,,,,,,,,,,,,,,21.52,24.21,25.259999999999998,24.75111111111111,29.47849315068493,28.934642857142855,29.659999999999997,30.458,16.836,15.97,14.64,22.85425,20.346666666666668,21.295555555555556,21.731428571428573,22.541999999999998,21.83666666666667,19.005333333333333,19.11941176470588,16.530833333333334,16.974,17.173,17.5075,13.31,,18.108571428571427,18.374545454545455
B0BL6QFZ7X,,,,,,,,,,,,,,,,,,,,,,27.49,,,27.49,34.05,32.734,29.676428571428573,27.816000000000003,,35.99,31.52111111111111,33.247,30.954,28.494285714285716,24.6025,25.265714285714285,24.959,23.41,23.41,23.24230769230769,23.54285714285714,23.41,26.157999999999998,,23.51863636363636,21.3675,,
B0BNJM2NJS,,,,,,,,,,,,,,,,,,,,,,,,,,,,,,,,,,,34.46684210526316,34.00857142857143,31.587142857142858,,32.985,17.98,37.33764705882353,,,,,,17.98,,
B0CCXF2XHG,,,,,,,,,,,,,,,,,,,,,,,,,,,,,,,,,,,,,5.69,5.69,,4.905,4.848400000000001,4.847894736842105,,,4.104,,,4.32,
B0CRHZHQQ2,,,,,,,,,,,,,,,,,,,,,,,,,,,,,,,,,,,,,26.786666666666665,22.56,,22.48,16.86,18.463636363636365,20.23,,31.291666666666668,31.676923076923078,26.675384615384612,21.080000000000002,22.48
B0CRMHV236,,,,,,,,,,,,,,,,,,,,,,,,,,,,,,,,,,,,34.844193548387096,29.246146341463415,27.196758104738155,28.056045918367346,22.61095238095238,29.36769230769231,25.724,23.032142857142855,23.926603773584905,25.38388888888889,23.23390243902439,23.122758620689652,23.03864406779661,23.221627906976742
B0CVCXW516,,,,,,,,,,,,,,,,,,,,,,,,,,,,,,,,,,,,,22.99,,22.99,,,,27.99,,,22.773999999999997,,22.7,17.47
B0CW7BZN8K,,,,,,,,,,,,,,,,,,,,,,,,,,,,,,,,,,,,,28.71,26.125714285714285,25.42,20.7,18.0,23.016,23.620714285714286,22.54153846153846,25.125555555555554,31.17,23.07,27.48,
B0D14VRM4N,,,,,,,,,,,,,,,,,,,,,,,,,,,,,,,,,,,,,,,28.18,,,,19.56,,,29.240000000000002,,,29.44666666666667
B0D27SGQL3,,,,,,,,,,,,,,,,,,,,,,,,,,,,,,,,,,,,,,,21.43,22.763846153846153,23.36466666666667,22.939999999999998,21.997912087912088,21.78972602739726,25.603804347826088,22.10333333333333,21.040450450450454,18.32925925925926,21.34
B0D92VMMMJ,,,,,,,,,,,,,,,,,,,,,,,,,,,,,,,,,,,,,,,,,,,9.84,,9.84,9.544,10.271666666666667,9.29375,10.186
B0DQRCH5SS,,,,,,,,,,,,,,,,,,,,,,,,,,,,,,,,,,,,,,,,,,,,,,,,,36.816875
B07T3KYH4N,,42.865,42.42142857142857,41.288695652173914,42.1975,,41.81363636363636,47.87145833333333,55.07239436619719,57.61545454545455,43.54073170731707,47.99,47.20666666666667,47.847500000000004,51.7716,50.684000000000005,54.77040816326531,50.69,49.571348314606745,43.29,48.671020408163265,,44.42,,,,48.65777777777778,48.99888888888889,54.466,47.86625,48.115,51.98,54.08,56.575384615384614,53.657272727272726,52.22789473684211,49.54533333333333,67.25,62.92285714285714,64.22133333333333,55.30828571428572,47.88,50.473636363636366,52.78823529411765,52.328571428571436,53.66850000000001,52.82387096774193,52.887142857142855,52.399166666666666,55.168055555555554
B08R7FFQ3Q,,,18.4,,19.93,,19.53875,19.186666666666667,19.104705882352942,18.872580645161293,20.336363636363636,20.169615384615383,18.284545454545455,17.848666666666666,16.91176470588235,17.41090909090909,20.720000000000002,22.792727272727273,23.255,,,14.660000000000002,18.686,23.945,25.068571428571428,25.99,,25.78,,,,25.94181818181818,22.78333333333333,19.5,20.0,,,19.863333333333333,,,,,,27.284,26.73,23.406666666666666,15.42,12.28125,12.912,16.115
B08YGVD8YV,,,,,14.883333333333333,17.08,14.826666666666668,,14.86,14.713750000000001,,,,21.458,27.69,,14.711111111111112,14.909999999999998,,14.705,13.99,14.99,,14.955,,,15.588181818181818,15.486428571428572,14.830526315789472,19.00076923076923,18.65705882352941,17.53,18.31269230769231,17.855,17.88842105263158,19.241333333333333,16.289285714285715,15.029411764705882,17.25521739130435,16.811764705882354,15.672727272727274,15.43125,19.74,18.246363636363636,16.933333333333334,17.320454545454545,17.4348,16.470555555555553,16.426923076923078,16.6725
B08YQ6HJ7T,,,,,16.240000000000002,16.682307692307692,23.072499999999998,16.46923076923077,16.41333333333333,15.747692307692306,14.777058823529412,11.889645390070923,11.970569395017794,11.057818181818181,11.812988505747127,20.495104166666668,20.995,16.99,,16.97,17.466,17.386666666666667,21.0025,19.307,18.31,20.13125,18.272,18.268333333333334,,,,,17.603333333333335,17.895,17.795,16.196363636363635,18.901999999999997,19.207391304347826,,16.913,22.436666666666667,28.7,20.582222222222224,18.77,19.13714285714286,17.639999999999997,23.66,21.59642857142857,22.172564102564102,22.113333333333333
B08ZDWDY93,,,,,,,7.617999999999999,11.155333333333333,13.304857142857143,16.046666666666667,20.99,8.115,16.764285714285712,25.026666666666667,20.626896551724137,15.309444444444445,16.4304,15.606250000000001,14.694444444444445,19.556,20.48,16.676111111111112,14.157,8.795,,13.073333333333332,7.24,7.98,,,7.17,6.48,,,8.18,8.113333333333335,,8.113333333333335,8.18,,,7.485,,,7.18,,8.1,,,
B0964FRVT9,,,,,,16.31,22.176315789473687,18.399722222222223,16.348,15.594375,16.9675,16.259999999999998,31.463,31.93179487179487,14.856666666666667,15.390000000000002,,,,18.41,21.13375,20.093846153846155,19.194444444444443,18.16,,23.721923076923076,21.96,23.884,19.797777777777778,22.436666666666667,20.84111111111111,22.151818181818182,26.574,25.1375,21.743333333333336,21.415000000000003,20.89888888888889,23.4725,19.46,,22.95,20.334285714285716,19.81,22.802500000000002,23.228,19.125,19.125,17.187551020408165,18.506170212765955,20.785
B09QNNGCYS,,,,,,,,,,,,,44.91,46.32111111111111,35.54555555555556,35.99,,52.56,45.018,46.275,49.005507246376816,53.99941176470588,38.055,36.78,50.77666666666667,,,55.386842105263156,55.578421052631576,62.31357142857143,62.76923076923077,62.162142857142854,61.4769696969697,63.88714285714286,61.68555555555555,65.53,64.36375,65.78,68.07166666666666,67.5975,65.49,55.684,,,77.99249999999999,68.89,65.6434,67.06142857142858,83.37444444444445,
B09R3JHLJC,,,,,,,,,,,,,,53.42,,,,,60.08,64.66,66.72125,65.81538461538462,,60.08222222222222,50.644444444444446,58.805,61.38,62.09695652173913,61.74631578947369,58.181250000000006,71.37685714285715,42.51789473684211,31.7725,30.625,29.025000000000002,31.421250000000004,28.0652,25.733571428571427,27.3832,29.255,29.600357142857142,47.80878787878788,36.79545454545455,33.24625,44.913243243243244,47.4145,52.54387096774194,53.50860465116279,41.63291666666667,46.392500000000005
B0BF4CFT62,,,,,,,,,,,,,,,,,,,,,14.72,16.11,16.056,,10.015714285714285,10.28111111111111,10.559166666666668,10.816818181818181,10.589655172413794,10.772,10.71,9.59,,10.71,10.45857142857143,9.1325,10.494166666666667,9.963636363636365,,,9.514,9.745833333333334,10.71,,10.396666666666667,10.595,9.319999999999999,10.711666666666668,9.935,10.7165
B0BKJGXCBN,,,,,,,,,,,,,,,,,,,,,,,36.333333333333336,38.35142857142858,42.18,42.169999999999995,,41.01666666666667,37.08875,34.38333333333333,31.360000000000003,45.045,31.29,34.464000000000006,33.11000000000001,30.394615384615385,32.54882352941177,30.596666666666664,28.79,28.79,,,,,,,,,59.69,
B0BPRY5GLM,,,,,,,,,,,,,,,,,,,,,,,,65.13666666666667,50.949999999999996,50.97777777777778,51.275999999999996,64.07,57.43052631578948,51.29363636363637,81.56586206896552,92.76807692307693,82.34125,53.791428571428575,56.67612903225807,55.17478260869565,82.7,49.56909090909091,54.1496,55.84,47.63428571428572,48.92125,44.794285714285714,44.938235294117646,47.69384615384615,59.08344827586207,52.888,68.4630303030303,58.8728,44.22666666666666
B0BPWDXQ3Y,,,,,,,,,,,,,,,,,,,,,,,,,,,,,,,,,,,,,,,33.84,33.84,33.84,,34.53,35.64,33.84,34.894285714285715,36.405,36.46285714285714,36.51,36.480000000000004
B0C1FPWRB1,,,,,,,,,,,,,,,,,,,,,,,,,,,,48.0,,46.67,,,48.0,,,,,,,,,,,,,,,,,
B0CH1LF88M,,,,,,,,,,,,,,,,,,,,,,,,,,,,,,,,,,,,,,,,14.78,14.89846153846154,14.365,15.32888888888889,14.78,14.88,15.966666666666669,,17.87333333333333,18.45,17.064
B0D14XQTXZ,,,,,,,,,,,,,,,,,,,,,,,,,,,,,,,,,,,,,,,,11.86,9.56,7.16,9.92,7.853333333333333,7.16,6.800000000000001,,,,
B0D2G6FJ7S,,,,,,,,,,,,,,,,,,,,,,,,,,,,,,,,,,,,,,,,3.99,3.99,3.99,,3.2572727272727273,3.555,5.628571428571428,8.388,,,3.0400000000000005
B0D5JKBTDX,,,,,,,,,,,,,,,,,,,,,,,,,,,,,,,,,,,,,,,,,,,,6.0,6.59,7.05,,7.08,6.980000000000001,6.98
B0D7PG8G4N,,,,,,,,,,,,,,,,,,,,,,,,,,,,,,,,,,,,,,,,,,,,,,18.87,17.923333333333336,18.87,,
B0D9YYK85J,,,,,,,,,,,,,,,,,,,,,,,,,,,,,,,,,,,,,,,,,,,,21.59,14.817000000000002,18.895000000000003,,,,
B0DR9J6BL7,,,,,,,,,,,,,,,,,,,,,,,,,,,,,,,,,,,,,,,,,,,,,,,,,,25.99
B08LMNT43K,49.974999999999994,50.891,54.2388,57.585625,55.63999999999999,83.9525,32.353389830508476,18.0,,,20.783333333333335,16.884666666666668,21.217333333333332,12.783636363636363,9.226938775510204,8.93206896551724,8.55549019607843,8.847111111111111,10.845416666666667,8.928604651162791,10.325,13.645777777777777,9.060571428571428,9.5238,15.776451612903225,16.98,,9.795,19.62344827586207,18.244,15.204545454545455,10.979999999999999,,11.5075,15.666862745098038,,,,,9.626153846153846,14.644,,,9.024999999999999,,,,9.885,
B08QRT97Y8,26.99,,,,26.619999999999997,32.6925,28.792,48.60722222222222,42.79030303030303,23.991999999999997,,24.214166666666667,22.083225806451615,20.143076923076926,20.26909090909091,22.5,38.8,39.35,33.62333333333333,33.284,60.52894736842105,49.50235294117647,46.70545454545454,33.871428571428574,32.04666666666667,39.5625,,,42.4,30.99,37.345,,37.2225,,,,43.6,43.5,43.7,32.49,,27.615000000000002,,,,,29.889999999999997,,48.923
B098YJSMR8,,,,,,36.0,34.95,35.57333333333333,31.28530612244898,32.79730769230769,34.378,33.57142857142857,32.16470588235294,33.58,31.793333333333333,33.401428571428575,34.82,34.57666666666667,35.63740740740741,36.03333333333334,35.81057971014493,35.052608695652175,35.995,35.829523809523806,33.23442307692308,32.695454545454545,30.914545454545454,39.804117647058824,34.928656716417905,32.48537037037037,33.435742574257425,29.67,28.952399999999997,28.488333333333333,28.65919540229885,28.48977777777778,27.93625,28.451176470588237,27.54866666666667,28.31815789473684,28.746842105263156,30.5616,28.169249999999998,22.197499999999998,29.08282608695652,28.417266666666666,27.93297435897436,26.13044943820225,27.981176470588235
B09B8CCPCZ,,,,,,,,29.88,29.88,,29.99,,27.99,29.99,33.49,32.99,,,,29.99,35.82333333333333,30.089302325581393,24.99,27.99333333333333,28.62333333333333,28.561428571428568,34.333255813953485,34.21222222222222,29.49,,,,28.994999999999997,25.49,,29.945,30.99,28.99,28.86125,28.786,28.735,28.8825,29.705,29.915,29.606666666666666,24.47,28.99,29.14,25.976666666666663
B09J25BFJV,,,,,,,,,,,13.47,,,,12.455,,12.945,14.067142857142857,,12.5,13.181666666666667,12.92,11.87,12.336,12.57,12.92,12.92,13.13,12.92,13.303999999999998,12.92,12.92,12.92,13.303999999999998,12.92,13.13,12.92,12.92,12.709999999999999,12.92,12.92,13.724,12.92,12.57,13.411666666666667,14.4,13.126,12.915,12.563333333333333
B09Z5XLXP7,,,,,,,,,,,,,,,,13.81,13.81,13.795,14.370000000000001,13.77,14.17,14.757272727272728,14.41952380952381,14.6024,14.141904761904764,15.653793103448276,14.443333333333333,13.569444444444445,13.151875,13.154285714285715,13.041578947368421,,,,,,12.248333333333333,,,,,,,,13.136666666666665,,,,
B0B45193FD,,,,,,,,,,,,,,,,,49.42,46.62,54.367999999999995,,37.96,53.970000000000006,46.475,43.13,46.475,41.56285714285714,51.695,47.222500000000004,44.905,46.4825,42.32333333333333,,35.745000000000005,41.988888888888894,40.9375,48.11,33.12,31.5,39.858666666666664,29.82384615384615,40.528000000000006,32.125882352941176,35.55625,32.21357142857143,34.44444444444444,43.97,45.480000000000004,,
B0C1D8G5RP,,,,,,,,,,,,,,,,,,,,,,,,,,,,70.31,,,74.93,74.92,74.58999999999999,,71.1125,,69.39,70.94999999999999,65.52238095238096,67.86,67.394,62.175,64.65333333333334,,64.67,66.19200000000001,67.31,66.63,61.664
B0C5B91HVB,,,,,,,,,,,,,,,,,,,,,,,,,,,,,,23.79,,22.005,,21.41,20.62857142857143,21.142222222222223,21.405,22.516,22.2,43.259913043478264,24.886666666666667,,21.395,21.395,21.395,21.395,21.395,21.395,20.596666666666668
B0C86J6DYK,,,,,,,,,,,,,,,,,,,,,,,,,,,,,11.14,,,,,,,,,,,,,,,,,9.99,12.620000000000001,13.306666666666667,12.780000000000001
B0CB4W897C,,,,,,,,,,,,,,,,,,,,,,,,,,,,,,,49.99,,49.99,47.49,49.99,,,49.99,49.99,49.99,,49.99,,,49.99,49.99,,,
B0CG2KC6MJ,,,,,,,,,,,,,,,,,,,,,,,,,,,,,,,,9.48,11.49,8.412,7.806,6.584999999999999,7.75,10.483333333333333,9.448333333333332,7.556,6.265714285714286,8.774,6.145714285714285,8.22857142857143,15.833673469387756,10.578260869565218,9.985,9.858604651162791,9.927741935483871
B0CJ2W486N,,,,,,,,,,,,,,,,,,,,,,,,,,,,,,,,,,,4.26,,,,,,,,,,,,,,
B0CKXZLRDG,,,,,,,,,,,,,,,,,,,,,,,,,,,,,,,,,19.73,20.12,21.11777777777778,23.035,22.345,21.704444444444444,22.47,,20.482857142857142,20.53142857142857,20.5525,19.507272727272724,19.5864,19.92909090909091,19.792608695652174,20.7192,19.803125
B0CMTVXWHX,,,,,,,,,,,,,,,,,,,,,,,,,,,,,,,,,,,21.330000000000002,,,,,,,,,,,,,33.99,33.99
B0CV92X3F2,,,,,,,,,,,,,,,,,,,,,,,,,,,,,,,,,,,,,,,110.97,105.035,,103.23,197.14342105263157,191.44458333333333,,,,,106.98
B0D14YBVW1,,,,,,,,,,,,,,,,,,,,,,,,,,,,,,,,,,,,,,,25.04,,,,,,,21.28,25.04,24.293333333333333,24.666666666666668
B0D27RVKTG,,,,,,,,,,,,,,,,,,,,,,,,,,,,,,,,,,,,,,,21.39,17.25,17.939999999999998,,,20.04294117647059,21.13714285714286,19.57,19.42833333333333,16.504117647058823,19.32846153846154
B0D4TDTH6F,,,,,,,,,,,,,,,,,,,,,,,,,,,,,,,,,,,,,,,,,,10.95,9.95,,,,,,
B0DFNHYD49,,,,,,,,,,,,,,,,,,,,,,,,,,,,,,,,,,,,,,,,,,,,24.99,,24.99,24.99,19.99,24.99
