,2020-02,2020-03,2020-04,2020-05,2020-06,2020-07,2020-08,2020-09,2020-10,2020-11,2020-12,2021-01,2021-02,2021-03,2021-04,2021-05,2021-06,2021-07,2021-08,2021-09,2021-10,2021-11,2021-12,2022-01,2022-02,2022-03,2022-04,2022-05,2022-06,2022-07,2022-08,2022-09,2022-10,2022-11,2022-12,2023-01,2023-02,2023-03,2023-04,2023-05,2023-06,2023-07,2023-08,2023-09,2023-10,2023-11,2023-12,2024-01,2024-02,2024-03,2024-04,2024-05,2024-06,2024-07,2024-08,2024-09,2024-10,2024-11,2024-12,2025-01,2025-02
1338603450,,,,,,21.656666666666666,17.50166666666667,18.64,18.217567567567567,17.252857142857142,24.29263157894737,21.78,21.215,20.846363636363638,20.418666666666663,19.965,22.086969696969696,21.352894736842103,17.131,16.506666666666664,17.976,30.127567567567567,38.967,34.34,20.145581395348838,16.18,16.18,16.84058823529412,16.107222222222223,15.598333333333334,15.687380952380952,14.354615384615386,14.744845360824742,16.455853658536583,16.55464285714286,16.565,16.437037037037037,16.53857142857143,17.060000000000002,18.872999999999998,18.53212598425197,19.208736842105264,18.874736842105264,19.142289156626507,19.11937037037037,19.49642857142857,20.98151515151515,21.58433962264151,19.426309523809522,18.000344827586208,17.0325,16.172,16.63027027027027,16.482499999999998,17.490909090909092,17.3040625,16.730526315789472,17.666666666666668,17.666666666666668,17.666666666666668,17.666666666666668
B00000DMF5,,12.775,12.99,12.387142857142855,12.99,12.99,12.99,12.99,12.99,12.99,12.99,12.99,12.99,11.34,11.34,11.34,11.34,11.34,11.34,11.34,11.99,11.7475,11.067777777777778,12.99,12.733333333333334,12.607142857142858,11.99,11.99,12.705,12.771176470588236,12.49,10.99,11.776,11.976,11.431666666666668,10.415714285714284,12.27,12.405866666666668,12.400434782608697,11.692,12.1525,12.694545454545452,12.77111111111111,12.77111111111111,12.77111111111111,12.029285714285717,12.7725,12.836000000000002,12.255333333333336,11.125909090909092,11.988,11.986666666666666,12.12142857142857,12.248297872340425,11.971904761904762,12.387,12.99,12.4075,12.60608695652174,12.28,12.77
B00000IV35,8.212,19.003466666666668,22.28350993377484,12.180416666666666,10.896,13.786470588235296,10.36076923076923,7.2875,9.742142857142856,9.795,10.673461538461538,9.548235294117646,8.090625000000001,5.0825,6.025,8.96,9.031428571428572,9.013333333333334,11.22,8.372222222222222,8.057333333333332,5.175599999999999,11.832352941176472,12.714166666666667,10.194605263157897,9.489117647058825,9.65225352112676,10.475,7.306666666666667,8.453888888888889,8.873333333333333,9.570714285714288,5.436666666666667,9.99,7.4825,6.294444444444444,12.463214285714288,10.987325581395348,9.641397849462363,9.144864864864866,8.73857142857143,9.29142857142857,9.28375,8.902916666666666,7.614242424242424,8.110000000000001,6.578888888888889,8.20068493150685,7.879,7.879,7.879,5.95,7.665999999999999,8.897391304347826,10.909,12.045806451612904,10.750222222222222,8.494333333333334,8.663571428571428,8.52111111111111,8.705714285714285
B00000IZKX,4.348837209302325,4.182857142857143,4.408421052631579,4.408421052631579,3.7975,8.222307692307693,6.4383333333333335,4.89075,4.844328358208955,4.95,4.507777777777778,3.6991666666666663,3.866071428571429,3.526666666666667,3.395,3.26,2.5275000000000003,3.4683333333333337,2.1557142857142857,3.6279591836734695,2.4809939759036146,5.218702702702703,2.713703703703704,2.6166666666666667,2.256325581395349,1.946206896551724,2.211397058823529,2.65453125,3.15,1.0,1.0,2.83,3.545,3.545,3.2725,1.4025,3.59,4.250695970695971,4.214214876033058,3.29,3.5,3.25,3.33,3.361428571428572,3.4966666666666666,3.3280000000000003,3.411153846153846,3.4577777777777774,3.515,3.6310526315789473,3.6646666666666663,3.6646666666666663,3.515,3.844,3.525,3.515,3.525,3.515,3.888333333333333,3.515,3.5416666666666665
B00000JICB,,,14.323333333333332,14.323333333333332,14.323333333333332,11.85,11.85,14.49,19.857142857142858,14.47,14.47,14.47,14.47,14.47,14.47,14.47,15.553333333333336,14.15,14.01,14.01,14.99,14.99,14.99,14.99,14.99,14.49,14.74,14.74,14.99,20.15416666666667,20.15416666666667,20.15416666666667,20.15416666666667,14.632,15.99,15.89,15.879090909090907,15.899090909090908,16.29,13.995,13.0,14.99,13.931666666666668,12.64,13.3575,11.6125,12.695,12.186,12.186,13.188333333333333,11.91777777777778,12.235,12.235,12.29,10.726,21.667777777777776,12.386,10.753333333333336,10.756666666666668,10.756666666666668,12.385000000000002
B00006RVTS,5.71,7.132,9.94780701754386,8.486279069767443,7.0840000000000005,6.221627906976743,6.246739130434782,6.469032258064516,5.690714285714286,5.245925925925925,5.86979797979798,6.24875,6.335,5.901666666666666,6.301818181818181,6.301818181818181,4.859999999999999,5.8325,5.060740740740742,5.7566,5.668636363636363,5.750631578947368,5.396595744680851,4.790588235294118,5.68304347826087,5.953548387096775,6.0633333333333335,5.931428571428571,6.3735,5.963333333333334,6.086666666666667,5.798333333333333,5.77,5.813,5.938888888888889,5.8475,5.6775,3.2736666666666663,5.6381578947368425,6.153214285714285,5.91,5.91,5.768888888888889,5.883333333333334,4.611999999999999,4.8640740740740736,6.016428571428572,5.89,5.93,5.93,5.91,5.97,5.91,6.151333333333333,5.59,5.736666666666666,5.579090909090909,6.586,4.94,4.73,4.844
B000BUUTJ6,5.66,5.7995833333333335,7.219473684210527,6.375,5.985,5.985,5.8,5.395,5.890000000000001,5.8,5.8,5.8,5.99,5.971666666666667,5.971666666666667,3.415,4.495,5.95,6.19,6.5375000000000005,6.59,5.3500000000000005,6.443333333333334,6.192631578947368,5.631,5.4350000000000005,5.533333333333334,6.658947368421053,7.453333333333333,7.148888888888889,7.671315789473684,7.361818181818182,7.361818181818182,7.361818181818182,7.44,6.364,7.1066666666666665,6.880769230769231,6.57155172413793,6.905500000000001,6.957142857142857,6.863103448275862,6.301833333333334,7.003134328358208,6.255217391304348,6.347894736842105,6.947291666666668,6.899857142857143,6.899857142857143,6.443333333333334,6.61,6.61,5.5625,5.5625,6.65,4.890000000000001,5.4350000000000005,5.32923076923077,5.408095238095238,5.778333333333333,7.364999999999999
B000EULZDM,17.756666666666664,18.74714285714285,31.51218181818182,25.612666666666662,23.64769230769231,24.878888888888888,24.7788,23.68,23.4275,20.615,20.82333333333333,28.09595238095238,21.66,24.14833333333333,24.07333333333333,22.888,21.354285714285712,24.576666666666664,23.2375,23.02782608695652,24.5,24.941875,18.413,17.44892857142857,18.988333333333333,14.49,14.49,14.29,14.47,14.47,14.47,12.33,14.728,14.728,23.509375,21.187103448275863,21.834761904761905,18.18612359550562,14.091911111111113,12.26,12.14,12.14,11.896538461538462,11.783703703703704,12.173333333333334,11.554444444444446,12.042758620689655,11.958846153846157,12.790384615384616,21.19214285714286,24.158979591836733,20.040000000000003,20.035833333333333,20.136129032258065,19.156268656716417,22.9325,22.9325,17.98,21.195454545454545,21.04733333333333,21.63311475409836
B000FGECAI,8.633333333333333,8.476111111111111,10.7,8.368571428571428,7.493333333333333,7.890000000000001,7.890000000000001,7.890000000000001,8.459047619047618,9.2825,10.4966,9.052,9.9,9.92,9.554615384615383,9.778,8.912857142857144,9.656666666666666,10.66818181818182,11.248,10.49,10.758333333333333,11.326470588235296,11.608333333333334,12.296666666666669,11.886,10.62,11.21,11.21,11.21,11.21,11.21,10.09,10.5,10.5,13.106363636363636,12.054635761589404,11.376666666666669,12.115833333333333,11.49,11.49,7.988333333333333,8.46,8.99,8.24,9.823333333333332,9.73808510638298,9.737021276595744,9.53774647887324,9.432333333333334,9.619615384615384,9.793333333333331,9.261470588235294,9.242666666666668,9.430625,9.616666666666664,5.69,9.3,9.97,9.6845,9.010000000000002
B000GBRD3U,,,,5.0,5.0,5.0,5.0,5.0,5.0,5.0,5.0,5.0,5.0,4.945,4.946666666666666,4.946666666666666,5.55,6.88,7.88,11.24,11.688823529411764,10.3775,12.266153846153848,12.99,7.99,9.580526315789474,9.325,9.325,8.746666666666668,8.571818181818182,8.194054054054055,8.194054054054055,8.194054054054055,6.5,6.5,6.5,6.5,6.745,6.745,6.745,6.745,5.1,5.1,5.1,5.1,5.1,5.1,5.1,5.1,6.035,6.035,6.035,6.035,6.035,6.035,8.685714285714285,9.12,9.12,8.535,8.44,8.44
B000J3Z7TC,,3.5840000000000005,4.470000000000001,4.470000000000001,4.470000000000001,4.470000000000001,4.470000000000001,3.72,4.085,3.728888888888889,3.728888888888889,3.728888888888889,3.728888888888889,3.728888888888889,2.99,2.99,2.99,2.995,2.99,2.9450000000000003,2.9450000000000003,2.9000000000000004,4.507162162162162,4.267894736842106,3.51,4.503684210526315,3.351875,4.374,5.782,5.314736842105264,5.953913043478261,5.876347826086956,5.624444444444445,1.99,5.49,4.76,4.76,4.76,4.993333333333333,5.985,5.62,5.62,7.958,9.118333333333334,6.458518518518519,6.865,6.296666666666667,6.573333333333334,6.573333333333334,6.65,6.6,6.526666666666666,6.456,6.52625,6.175454545454546,6.175454545454546,5.493333333333333,5.4725,5.516666666666667,5.531428571428571,5.957142857142857
B001CJVTLC,,1.38,4.803333333333334,6.12,6.25,6.146666666666667,6.238,4.514,6.735555555555556,6.738571428571428,7.470499999999999,5.94,3.79,4.774375,4.854375,4.591666666666667,5.09,2.165,3.675,2.31,3.0,3.6333333333333337,3.9675,4.125,4.125,4.125,2.99,2.5442857142857145,2.893333333333333,2.075,4.83,3.0,2.71125,2.910625,1.918,1.0223076923076924,4.216428571428572,4.485,3.158333333333333,3.158333333333333,3.158333333333333,3.158333333333333,1.3233333333333333,3.678,4.111818181818182,4.111818181818182,4.833333333333333,3.827391304347826,3.6125,3.5172222222222222,0.7533333333333333,2.59,3.477073170731708,3.2173529411764705,3.1641025641025644,3.2469662921348315,3.339655172413793,3.537037037037037,3.783902439024392,3.749183673469388,3.745
B001DIJ48C,9.173333333333334,9.704,9.566,9.942142857142857,10.059285714285716,10.393333333333333,10.356666666666666,9.863636363636363,9.75,11.239,13.643333333333334,12.685,15.826923076923077,18.20388888888889,16.296153846153846,16.11,17.466666666666665,13.4275,12.909,12.12875,15.494666666666667,14.046363636363637,11.266666666666666,10.491428571428573,9.72,7.1425,8.824444444444445,9.63,9.99,9.99,9.99,9.99,9.99,8.7325,12.738888888888887,12.738888888888887,12.738888888888887,12.738888888888887,13.343333333333334,13.398181818181818,12.541538461538462,12.664545454545454,12.3004,12.407272727272728,12.2025,10.19357142857143,9.386666666666668,12.256666666666666,11.95,10.225,10.827777777777778,11.76793103448276,12.126666666666663,11.896666666666668,11.938333333333333,11.637142857142855,11.06,12.438125,14.188823529411764,15.052413793103447,17.007391304347827
B001PBW4FW,10.996923076923078,11.1759375,11.548,11.36516129032258,11.829142857142855,12.44,11.344090909090909,11.330227272727273,11.594705882352942,12.0675,13.1775,12.35142857142857,12.531,12.836857142857143,12.49,12.49,14.999666666666666,14.204,18.124285714285715,23.99,18.97,19.88,18.94222222222222,12.936346153846152,12.90578231292517,12.49,16.44739130434783,15.02125,12.27,12.27,12.27,12.79,13.522,13.482319587628869,13.50797356828194,13.70025641025641,13.80035532994924,13.884462809917355,14.674888888888889,13.5975,13.490909090909092,11.872983870967742,11.410000000000002,11.346666666666668,11.346666666666668,11.346666666666668,11.346666666666668,12.256666666666666,14.301111111111112,14.301111111111112,14.301111111111112,13.316363636363636,13.316363636363636,13.805357142857144,13.6,14.99,15.695,13.645,13.645,13.645,13.645
B003HCQKSO,,9.99,9.99,9.99,9.99,4.245,4.245,4.245,4.5,4.345000000000001,4.0,4.0,4.0,4.0,4.0,4.145,2.6333333333333333,2.5,2.5,0.75,0.75,0.75,0.75,0.75,0.75,0.75,0.75,0.75,0.75,0.75,1.4266666666666667,1.7542105263157894,1.7542105263157894,0.25,1.101,1.101,1.101,1.101,1.101,1.101,3.689242424242424,4.797435897435897,1.50375,1.6720000000000002,1.667777777777778,2.055,2.1775,2.459,2.1183333333333336,2.625,2.14,2.14,2.14,2.0,1.7333333333333334,2.1766666666666667,2.0700000000000003,1.695,1.695,2.23,2.25325
B003HGGPLW,4.323333333333333,5.09,7.142264150943396,7.9539375,5.895975609756098,8.455188679245284,11.847875647668394,8.747111111111112,5.588928571428572,4.983333333333333,5.4136,5.55755905511811,5.489836065573771,5.45375,6.622564102564103,6.916315789473684,6.433333333333334,7.8490625,11.514,8.377272727272727,6.843571428571429,6.13,4.8500000000000005,6.123333333333334,5.985,6.294615384615384,6.59,6.176,6.165813953488372,8.033818181818182,11.146063829787234,7.541111111111111,6.3925,6.64,6.805,6.8,6.8,6.77,6.77,6.77,6.77,7.1850000000000005,6.708,6.88625,6.063076923076922,5.8133333333333335,6.1996153846153845,6.1996153846153845,5.815,5.815,4.99,6.64,6.64,6.714545454545454,8.204545454545455,4.943333333333333,4.91625,4.8954545454545455,5.333809523809524,4.716666666666667,4.870909090909091
B003I64OT6,5.551130434782609,5.5260869565217385,4.49,4.49,5.970000000000001,4.532500000000001,6.287894736842105,6.233333333333333,6.5,6.363333333333333,7.527142857142857,2.4771428571428573,6.354,6.976206896551724,6.739230769230769,5.673,5.821111111111112,5.744166666666668,5.4887500000000005,6.781000000000001,5.986666666666666,5.737777777777778,7.548571428571429,7.457777777777778,6.197222222222222,5.460555555555556,6.264262295081967,7.444074074074074,6.271538461538461,5.243,5.1850000000000005,5.185,4.652222222222222,4.6225000000000005,5.745,3.636363636363636,3.806949152542373,5.745,5.661111111111111,5.745,5.661111111111111,5.852857142857142,6.11,7.390000000000001,7.430666666666667,7.445882352941176,7.595306122448979,7.771272727272728,6.326909090909092,7.386470588235294,7.386470588235294,6.04975,6.04975,6.04975,6.970000000000001,7.702820512820513,7.702820512820513,4.495,6.99,6.985,6.903333333333333
B005I5M2F8,7.537142857142857,7.602799999999999,13.66,12.828095238095235,10.066428571428572,11.971176470588237,5.870666666666667,7.094444444444445,7.667857142857144,7.899473684210527,13.4275,11.1025,9.4725,9.516363636363636,11.189,9.435,9.485,9.485,9.60058823529412,9.60058823529412,9.60058823529412,9.60058823529412,8.593333333333334,8.256923076923076,8.32,8.32,7.623333333333334,5.156666666666667,7.090000000000001,6.995,6.995,7.5,7.5,7.1971428571428575,7.578,6.68,6.888928571428572,6.576190476190476,6.7685,6.024230769230769,5.918333333333334,5.877419354838709,6.317565543071161,6.526178010471204,5.276363636363636,5.39316037735849,5.60140625,5.1051829268292686,5.406739130434783,6.025490196078431,5.211272727272728,5.210807692307692,5.190247524752476,5.369504132231405,5.5842857142857145,4.188181818181818,4.188181818181818,5.44,5.44,6.536785714285714,6.772009803921569
B007GE75G0,,14.17625,20.1575,21.013076923076923,16.82634920634921,14.247142857142858,14.955,11.525,14.041777777777778,13.9775,16.861851851851853,16.35167701863354,17.039605263157895,18.15538461538461,13.102857142857143,13.161666666666669,12.82,11.838846153846154,11.685,12.92,12.054545454545456,11.996923076923077,11.39945205479452,11.959871794871797,12.657317073170733,14.813061224489797,14.4125,15.845,16.32,15.85,16.764166666666664,16.86875,16.665,16.536923076923078,15.0375,20.81323232323232,20.11841584158416,19.56861111111111,16.319263157894735,15.889333333333331,15.733684210526317,15.951,15.803846153846154,15.7325,15.93125,15.59222222222222,15.068,15.884444444444446,15.352727272727272,14.993793103448276,15.438518518518515,15.56,15.386666666666663,15.168571428571427,15.168571428571427,15.975,15.653333333333334,14.730555555555554,14.820769230769232,15.48375,13.242857142857142
B008J1QP7Y,,2.5,7.211111111111112,8.792380952380952,8.469375,5.79,5.79,5.79,4.29,4.29,14.731666666666667,14.731666666666667,14.731666666666667,14.731666666666667,14.731666666666667,14.731666666666667,3.97,7.1242857142857146,4.2212,4.344545454545455,3.963333333333333,3.143333333333333,2.35,2.97,2.782,2.745,2.6312,2.42,2.36,2.36,2.36,2.36,2.36,2.26,2.39,2.39,4.384230769230769,4.464509803921569,4.103898305084746,4.465,4.465,4.465000000000001,4.465,4.465,4.4125000000000005,4.456666666666667,4.456666666666667,4.456666666666667,4.465,4.465,4.465000000000001,4.390000000000001,3.59,3.54,3.54,3.54,3.59,3.59,3.59,3.59,3.59
B0096PBVZ8,,7.8675,10.651428571428571,7.6309375,7.671509433962265,7.334,6.307142857142857,6.616,6.466666666666666,6.2925,6.335,6.151666666666667,5.8742857142857146,6.05,6.05,6.05,7.99,7.976363636363636,7.94,7.953333333333333,8.892222222222223,8.24,8.032,8.425,6.97,8.375,8.375,7.138571428571429,6.41,8.15,6.444375,6.205,7.718000000000001,8.30625,9.98,9.98,9.795,9.795,9.795,9.795,9.795,9.739999999999998,9.99,9.99,9.99,9.24,9.521666666666668,9.588,7.74,7.99,12.31,13.01875,13.01875,13.01875,13.01875,13.01875,13.01875,6.39,7.99,7.99,7.19
B00ABA0ZOA,14.38,15.7175,16.436666666666667,16.436666666666667,13.3675,11.99,10.745,13.023636363636363,11.67705882352941,12.04625,4.995,4.995,12.88,12.67,10.99,10.99,10.99,12.74,13.95,12.89,10.485555555555557,3.816,8.511111111111111,9.213,11.89,7.813333333333333,13.868571428571428,12.528,15.128,14.99,7.9278571428571425,7.9278571428571425,7.9278571428571425,8.0,8.0,11.022727272727272,7.557142857142857,11.575,10.466666666666669,11.849333333333334,11.909230769230769,11.779411764705882,11.2825,10.967,10.136666666666668,9.97,9.89240579710145,9.897165259348611,9.894424778761064,12.59,13.126666666666669,11.43,10.293333333333331,12.598571428571429,12.991333333333332,14.93891891891892,9.858617710583154,9.34905544147844,9.983731019522777,10.457272727272729,12.563076923076922
B00D7OAOYI,10.711428571428572,12.678888888888888,17.378235294117648,17.887,10.9,9.347,12.483333333333333,14.992727272727274,13.165,11.904,11.904,10.49,10.49,10.49,10.49,10.49,6.655,9.84,9.84,9.84,9.84,7.38,8.433333333333334,7.433076923076923,7.433076923076923,7.433076923076923,7.433076923076923,7.433076923076923,7.433076923076923,7.433076923076923,9.44,9.879090909090907,10.61,6.0,7.805,9.276,7.6,9.5375,8.44,8.835,6.615,9.376666666666669,9.86,9.326666666666666,9.555,8.244285714285715,7.695,7.695,8.48,8.667142857142856,8.765714285714285,5.063478260869566,5.368877551020408,7.246805111821086,9.031879194630871,9.968,9.159201520912546,7.957913043478261,7.685479452054794,9.307674418604652,8.678114285714287
B00D8STBHY,12.3,12.56,9.18,9.843333333333334,7.75111111111111,7.465714285714286,8.958333333333334,10.09,6.140000000000001,4.875,8.212,6.542857142857143,6.542857142857143,6.0,8.573333333333332,9.84,5.99,5.49,9.95,9.0,7.3476923076923075,5.015333333333333,4.3075,6.360416666666667,9.72,9.72,5.97,5.97,5.97,8.192857142857143,9.82,9.752307692307692,9.073333333333332,8.913333333333334,8.815714285714286,7.30625,9.362222222222222,9.22875,8.4075,8.5625,5.597046979865772,5.47557438794727,6.957692307692307,8.0,7.966666666666667,5.25,7.722432432432432,8.050749999999999,8.177777777777777,7.684285714285714,6.303333333333334,7.916666666666667,7.916666666666667,7.916666666666667,8.8075,8.687727272727273,8.4675,5.104086021505377,5.560756302521009,8.95,6.0
B00I3K25R0,9.596,9.876363636363637,9.685625,8.238888888888889,8.238888888888889,8.238888888888889,8.786666666666667,8.786666666666667,8.585,8.966,8.985,8.985,9.454,9.95,7.99,8.969999999999999,9.132727272727273,8.975,8.402307692307692,7.702857142857143,6.991875,7.881818181818182,6.343,6.5147619047619045,7.585000000000001,6.99,7.802307692307693,7.080909090909091,7.49,7.845714285714286,7.49,7.6899999999999995,9.375,11.08,8.671818181818184,8.125,8.636000000000001,8.016666666666667,8.880645161290323,8.185,8.226,8.775,8.964,8.685,8.314,8.398181818181818,7.860714285714287,8.623555555555555,8.03,7.748,8.629285714285714,8.431538461538462,8.763333333333334,6.15,6.8075,6.103333333333333,6.125,6.105,6.140000000000001,6.11625,7.46397435897436
B00JM5GW10,4.178717948717948,14.302238805970148,19.23142857142857,21.223666666666663,21.223666666666663,14.351538461538462,14.351538461538462,7.956,10.331428571428573,9.455,10.48,10.428947368421053,10.428947368421053,7.77125,7.77125,6.98,7.345714285714286,4.8675,6.400882352941176,5.728,5.635138888888889,6.12265306122449,6.990476190476191,6.6440625,5.653888888888889,5.585180722891566,5.424822695035461,5.686111111111111,7.99,7.323333333333333,7.323333333333333,7.323333333333333,6.650000000000001,9.316857142857144,8.982173913043479,7.985,7.985,8.259166666666667,7.985,7.856666666666666,7.404857142857144,7.145238095238096,6.255000000000001,6.326666666666667,7.377333333333333,7.391363636363636,7.482307692307692,7.482307692307692,7.482307692307692,7.482307692307692,7.482307692307692,7.482307692307692,5.0,5.0,7.163333333333334,7.324166666666667,7.330000000000001,7.7092307692307696,7.831176470588235,6.836666666666667,6.841428571428572
B00JM5GZGW,,,,,24.99,24.99,24.99,24.99,24.99,24.99,24.99,24.99,24.99,24.99,25.49,25.49,25.49,22.49,22.49,22.49,22.49,19.974,19.913571428571423,22.301379310344828,22.253,22.75190476190476,22.906666666666663,22.906666666666663,24.99,24.99,24.186666666666667,24.99,22.115,22.98107142857143,23.7545,25.154117647058825,25.822857142857146,26.301698113207543,26.99333333333333,26.99333333333333,26.99333333333333,26.316666666666663,28.875,28.875,24.49,21.71095238095238,22.874324324324323,24.641666666666666,23.9655,27.89090909090909,27.58625,27.58625,34.445,25.32333333333333,28.161666666666665,28.161666666666665,28.985,26.805,27.886000000000003,24.87272727272727,25.812941176470588
B00JTF5TT4,7.735,8.3216,7.862666666666667,7.506153846153846,7.447857142857144,7.425454545454546,7.628333333333333,7.735,7.635,9.773684210526318,12.228260869565217,8.125,8.125,8.125,5.815,9.046363636363637,8.374666666666666,8.0175,7.584166666666667,7.996666666666667,4.526666666666667,6.933571428571429,10.153571428571428,10.153571428571428,8.70625,7.27125,8.141052631578948,5.53,7.3748571428571426,6.681153846153847,5.62,6.581470588235295,7.3185,5.3625,3.681764705882353,6.976981132075473,4.674,4.001818181818182,6.113333333333333,5.945833333333333,5.814166666666666,5.754090909090909,5.778125,4.24,6.246428571428572,5.760800000000001,6.79169014084507,5.531851851851853,2.99,5.035,4.848,4.4359375,4.317446808510638,4.68,4.8075,5.367857142857143,5.042317073170731,4.93955223880597,4.93955223880597,4.93955223880597,4.93955223880597
B00N1QPNMA,10.49,10.49,12.419333333333332,12.419333333333332,11.522777777777778,11.522777777777778,11.95,10.45,10.95,10.95,10.95,9.3,10.45,10.716666666666667,10.383333333333333,10.95,10.95,9.812857142857142,10.95,10.99,12.296666666666667,10.95,11.95,12.45,13.514444444444443,12.45,12.45,9.963333333333333,10.558,8.969999999999999,8.49,8.656666666666666,9.59,7.040000000000001,6.823333333333333,8.918571428571429,8.267777777777777,8.334444444444445,8.97,8.95,8.95,9.2,8.955714285714285,9.01,9.561666666666666,9.656666666666666,8.63,9.17,8.97,8.969999999999999,8.97,8.75,8.97,6.970000000000001,7.174000000000001,7.95,8.98,9.943333333333333,8.99,8.49,9.656666666666666
B00NHQF6MG,46.11303571428572,43.611935483870965,54.27784482758621,59.20415730337079,58.58835616438356,56.71522727272727,43.985,43.98,43.345,42.88,40.51,41.3609090909091,41.01272727272727,41.282222222222224,40.92161290322581,40.985,45.553428571428576,42.434000000000005,37.915,37.9,40.45076923076923,43.93246153846154,44.49337662337663,43.29955882352941,43.13923076923077,42.62795918367347,43.10850000000001,42.8,42.93727272727273,42.49375,41.79695652173913,44.034615384615385,43.050714285714285,43.12125,42.550714285714285,39.51148148148148,41.3375,37.49,39.00794621026895,43.371,42.40208333333333,34.246818181818185,33.3675,33.1625,31.4,40.527142857142856,41.28223300970873,34.32230769230769,34.19,34.211951219512194,35.13094117647059,31.790625,36.70797101449275,32.91766990291262,31.606923076923074,32.20023255813953,30.83925925925925,29.32470588235294,47.45673076923077,33.13166666666667,31.965
B00NHQFA1I,24.66888888888889,24.965384615384615,24.947599999999998,33.06166666666667,32.35740740740741,27.704347826086952,26.473239436619718,26.05666666666667,26.062857142857144,26.99,34.2312,25.2175,24.99,26.095135135135134,26.22,23.84,31.500799999999998,29.49,24.10571428571429,22.63352941176471,23.818,23.83153846153846,33.46487704918033,33.2914705882353,27.9,27.99076923076923,28.807222222222222,27.983333333333334,29.12681818181818,29.7425,30.114375,27.167142857142856,28.270625,27.992,29.884999999999998,28.799999999999997,24.01,24.99,24.99,26.978571428571428,24.87285714285714,23.236666666666665,23.367692307692305,24.58,22.98909090909091,21.303333333333335,22.6605,24.84060606060606,24.983076923076922,21.1956,20.804074074074077,21.304,21.504444444444445,21.33,20.453885714285715,19.314285714285713,18.276086956521738,23.10220588235294,24.722727272727273,24.092142857142854,24.17206896551724
B00NQQTZCO,1.855566037735849,2.958172043010753,12.457808219178082,6.918000000000001,7.375,7.354583333333333,6.647692307692308,6.808571428571428,7.065813953488372,6.1975,10.038,9.04,6.797058823529412,7.593000000000001,7.495,7.495,7.20875,5.79,7.545,5.990666666666667,6.972121212121213,9.64027027027027,4.900645161290323,15.613953488372093,12.753070866141734,6.232619047619047,5.066545454545455,6.466363636363637,8.257368421052632,7.8825,8.242222222222223,7.21,7.982727272727273,7.526666666666667,7.131176470588236,7.302777777777777,6.568666666666667,4.22,5.95,4.743333333333333,6.9,6.9,6.79,5.958,5.958,2.99,5.0,5.95,5.95,6.9,6.9,9.169714285714285,2.9,2.9,7.99,4.99,7.99,6.24,7.632727272727272,7.470000000000001,7.49
B00Y8EGGXE,13.104166666666666,15.971428571428572,16.55,13.566666666666668,13.566666666666668,13.566666666666668,14.225,14.655555555555557,12.9,12.9,15.9,15.9,21.9,21.099999999999998,16.4,13.9,13.9,15.4,18.09375,21.805172413793105,18.029999999999998,18.029999999999998,18.029999999999998,16.4,14.525,12.9,12.9,13.525,13.525,13.525,13.525,12.715,12.370000000000001,12.370000000000001,13.75,12.715,12.715,12.715,12.715,12.715,13.06,12.370000000000001,12.370000000000001,12.370000000000001,12.370000000000001,12.465,13.015714285714285,12.81,12.722,12.496666666666668,13.75,12.446666666666667,13.75,12.376666666666665,12.496666666666668,13.75,13.75,9.99,11.870000000000001,11.870000000000001,11.870000000000001
B013RQPB5C,,13.310000000000002,24.514242424242425,27.145221238938053,25.72156626506024,24.527931034482755,18.399736842105263,15.002380952380951,14.99,14.791818181818185,14.998,12.215,12.08,13.568,13.635,14.27111111111111,15.216,11.705,20.9116,26.76148148148148,13.41,15.091333333333331,14.15857142857143,14.15857142857143,13.44,13.44,13.44,13.436666666666667,12.42,12.42,13.412,23.688181818181818,15.228,14.93,16.253333333333334,16.253333333333334,17.735,17.365000000000002,16.1,17.64747191011236,16.277218045112782,17.856470588235293,17.94147967479675,17.871111111111112,17.31590909090909,17.916249999999998,17.91783783783784,17.964871794871794,17.96265486725664,17.92814814814815,17.965,17.959811320754717,17.326666666666668,16.48,16.943,17.163333333333334,17.492421052631578,13.943333333333332,14.52,14.248,13.9
B01B1TIJWE,3.24,3.24,3.24,3.24,3.24,3.24,3.73875,3.73875,3.73875,3.975,3.98,3.98,3.86,3.86,3.86,2.435,2.435,4.561428571428571,4.561428571428571,4.49,4.49,4.4896875000000005,4.486,4.590000000000001,4.49,4.49,3.74,3.74,3.74,3.74,4.527777777777778,4.792142857142857,4.827058823529412,4.62,4.49,4.49,4.823333333333333,4.823333333333333,4.49,5.24,4.49,5.24,5.24,4.49,4.49,4.366666666666667,4.7,4.685294117647059,4.685294117647059,4.49,5.49,6.125714285714286,6.832777777777777,6.832777777777777,6.832777777777777,6.470000000000001,6.470000000000001,6.470000000000001,6.470000000000001,6.470000000000001,6.470000000000001
B01BMW645O,22.48257575757576,20.5,29.003529411764703,20.37692307692308,18.435,28.28368421052632,19.084,31.924166666666668,17.84125,17.981666666666666,33.870333333333335,26.62833333333333,34.872830188679245,20.5025,20.895,21.541666666666668,18.28,24.95,23.47,23.4108,23.47,35.52754098360656,33.26162790697674,24.95,21.4825,21.4825,21.99,22.682,22.56142857142857,26.62,24.985714285714288,19.665,22.98,21.880000000000003,27.208653846153844,22.995,26.745,22.76,23.40517857142857,25.39428571428571,25.47,25.08272727272728,29.99,29.99,29.258333333333336,29.959230769230768,27.215,24.602272727272727,25.594,29.98,29.085,23.66142857142857,28.89111111111111,26.7975,26.7975,26.7975,26.7975,28.17428571428572,26.11777777777778,26.626944444444444,26.8746875
B01FVS6TGO,41.92256880733945,34.91,46.21839285714286,36.784,38.19285714285714,49.46276923076923,41.49,41.49,37.095,37.095,36.59,38.99,34.99,39.99,42.156666666666666,42.7075,44.87533333333333,41.49,41.49,39.99,42.49,40.365,43.29,40.901875000000004,42.50666666666667,42.355714285714285,37.186206896551724,44.24,39.99,54.980000000000004,54.275555555555556,44.156666666666666,44.99,48.96642857142857,39.29833333333333,43.56375,43.596666666666664,43.596666666666664,43.99,43.99,43.318333333333335,44.25142857142857,44.295,43.300000000000004,37.57666666666666,39.096000000000004,38.32666666666667,44.26333333333333,39.89666666666667,38.99,43.40111111111111,39.5275,61.8,54.09440366972477,41.660000000000004,43.92444444444445,45.295,47.187777777777775,47.435,34.29,35.24
B01IK52REI,11.485652173913042,14.176643835616439,19.757291666666667,16.946521739130436,17.174313725490197,16.27305555555556,14.932941176470587,13.389142857142858,14.48,15.446470588235293,16.381,12.7,10.8675,10.8675,12.0,10.129999999999999,10.129999999999999,10.129999999999999,12.985,12.98,10.941176470588236,10.904166666666667,13.986666666666666,13.946666666666665,13.985,12.734545454545453,12.938333333333333,15.986,15.842857142857143,15.392,16.167142857142856,12.37625,13.692499999999999,14.115714285714287,14.81777777777778,14.475000000000001,14.15,13.735,14.947333333333335,14.881428571428572,14.953999999999999,13.545217391304348,13.545217391304348,15.138571428571428,14.270344827586207,15.854999999999999,14.276666666666666,14.276666666666666,14.276666666666666,9.99,9.89,9.89,9.89,9.89,14.485,13.113333333333335,9.985,7.99,15.100108695652175,9.985,8.1896
B01K1K0K6M,49.49,68.732,104.1442735042735,129.36981481481482,116.19679144385026,106.48703196347032,90.3661,82.60333333333332,81.52615384615385,78.2825,85.11852941176471,75.95884615384615,88.95317073170732,122.7168472906404,144.8177837837838,114.12547619047618,108.02248803827752,91.19325,73.98734693877552,79.44290322580645,80.23625,82.24,82.8625,83.78375,83.78375,90.8705,90.47,91.59,87.20333333333332,77.99,70.65,76.95,79.02,77.33,77.33,77.33,75.0,76.51416666666667,75.55363636363636,70.84962962962963,71.70739130434782,83.0475,85.99,85.99,82.88,82.88,79.99,79.99,72.99,76.49,79.99,76.49,78.99,78.99,78.99,71.15777777777777,71.15777777777777,84.92999999999999,84.92999999999999,84.92999999999999,79.99
B01KJEOCDW,9.97181818181818,10.02529411764706,14.279473684210526,14.055642857142857,14.271463414634146,14.089875,14.358113207547168,11.878,11.878,11.47,15.874656488549618,11.75076923076923,11.73,12.324871794871797,16.40019607843137,11.89375,10.137272727272729,11.985,11.82909090909091,11.641428571428571,11.900769230769232,14.039230769230768,14.643482142857144,12.383404255319148,11.120625,11.337,11.921290322580646,11.985333333333331,11.885714285714286,11.631666666666666,11.83,11.85,11.910769230769231,11.965000000000002,12.738181818181818,13.64648148148148,13.12474358974359,11.788571428571428,11.557857142857143,11.065084745762713,11.091636363636365,9.97,9.99,9.99,9.817142857142857,10.4675,11.04581818181818,11.394756097560975,11.304324324324323,11.071333333333332,11.071333333333332,9.287272727272727,9.287272727272727,9.287272727272727,9.287272727272727,10.83,11.60741935483871,11.956666666666669,11.956666666666669,11.995263157894737,11.74549019607843
B01M5F2YPO,10.96875,17.319814814814816,33.95692307692308,24.87125,21.94296703296704,16.285547445255474,14.177045454545452,14.261176470588236,13.527676767676768,11.950208333333334,13.659807692307693,19.08675675675676,20.764285714285712,22.94333333333333,20.511666666666667,19.16560747663551,17.734133333333332,18.08655172413793,12.492727272727272,9.69,9.9475,9.943333333333332,15.557,17.945121951219512,14.292222222222222,14.756727272727275,16.51944881889764,16.886000000000003,15.090169491525424,14.885833333333332,12.557692307692308,15.059724770642202,11.362105263157895,10.711379310344828,12.9625,10.226666666666668,13.400333333333332,14.001704545454546,13.51982142857143,14.173780487804878,12.626923076923076,11.116666666666664,11.341282051282052,13.146315789473684,13.392727272727273,13.009,17.110277777777778,12.742162162162163,15.803,16.185555555555556,13.92,14.945,12.745,12.037333333333333,11.658,11.461739130434784,9.554444444444446,9.58909090909091,9.901333333333334,9.91625,9.611739130434785
B01MA68J0O,15.32342857142857,16.105625,19.31290322580645,19.31290322580645,14.94,14.94,13.42,17.463333333333335,16.465,15.669411764705885,15.587058823529407,15.587058823529407,15.587058823529407,11.2,11.2,11.2,14.80642857142857,14.215,14.92111111111111,14.86625,14.267142857142858,15.860833333333334,15.373,16.180909090909093,15.69,15.69,16.767692307692307,16.64,15.643333333333333,16.665,16.665,16.62125,17.594545454545454,15.824000000000002,16.51125,19.42333333333333,19.00333333333333,18.7475,17.752857142857142,18.645,18.1975,18.09857142857143,19.922857142857143,24.957083333333333,24.604166666666668,23.604736842105265,24.07551724137932,23.99870967741936,18.52142857142857,19.95,22.81942857142857,22.223333333333333,18.90333333333333,18.33636363636364,18.0275,18.33333333333333,18.33333333333333,18.59897959183673,18.24969696969697,18.395,18.552
B01N037GIU,38.47,41.95,48.642,48.642,48.07714285714286,38.864444444444445,39.93,39.17,36.93,40.16846153846154,52.33277777777778,40.35478260869565,39.70148148148149,36.925,33.91,38.43,37.91,35.342,33.14588235294118,36.99285714285714,33.464285714285715,40.30272727272728,45.77675925925927,41.628095238095234,36.51769230769231,34.605384615384615,39.407272727272726,36.65708333333333,35.28636363636363,38.77666666666667,38.235,37.25,35.055,36.68666666666667,42.182,37.28333333333334,36.46333333333334,37.803333333333335,38.61072727272728,37.908181818181816,36.845,35.97,34.97,36.67142857142857,36.38785714285714,34.97,34.97,35.5,33.275,33.275000000000006,34.1,33.27,33.27,32.03333333333333,33.27,34.50666666666667,34.612,34.775,37.38,34.77,36.51
B01NCUSC7V,10.646521739130435,10.355599999999999,10.278125,13.364255319148937,13.381499999999999,14.718717948717948,8.935,9.57904761904762,7.920384615384616,9.026,11.132272727272728,12.088039215686274,8.394666666666668,7.445,7.885,7.869999999999999,7.695,7.885,8.444333333333335,8.392439024390244,8.86657894736842,10.817222222222222,12.906666666666666,8.164807692307692,9.1859375,7.886666666666667,7.8862499999999995,7.277083333333334,7.888571428571429,7.888571428571429,8.978666666666667,9.723333333333333,7.99,9.883333333333333,8.393749999999999,9.26,9.563333333333333,9.413636363636364,9.413636363636364,7.8039130434782615,8.485,10.48,10.745000000000001,10.870000000000001,9.18,8.838333333333333,11.698630136986301,9.97859649122807,11.187555555555555,9.671875,13.44923076923077,10.32058823529412,10.400666666666666,9.996500000000001,9.612142857142857,9.131176470588235,9.44076923076923,10.086666666666668,11.140588235294118,12.278823529411765,11.865238095238094
B06WV7VBY5,19.495,32.639375,36.97789473684211,18.98333333333333,24.461666666666662,22.9625,22.32333333333333,19.89,25.18952380952381,18.636,25.604,25.604,19.87,20.84,22.75096153846154,22.75096153846154,19.828,19.89,19.82,26.008333333333333,15.936029411764704,15.81275,17.384,19.28142857142857,16.30666666666667,17.12764705882353,19.2575,18.72,19.53,18.936666666666667,18.063,18.943846153846152,18.943846153846152,17.698,16.706666666666663,15.397692307692306,15.451282051282051,15.290344827586209,17.517083333333332,22.00142857142857,23.711,22.14,22.316666666666663,20.0,19.806,19.624,18.94814814814815,19.6625,19.275,18.32696202531645,18.25590909090909,16.44,16.856444444444442,18.247941176470587,16.034666666666666,17.633809523809525,18.756428571428568,18.992666666666665,19.055714285714284,18.87705882352941,19.05461538461538
B06XL1B7QN,,,46.42981481481482,36.14817073170732,33.36588235294118,24.567777777777778,18.89,18.076666666666668,23.571803278688524,26.535068493150685,28.05662337662337,19.830666666666666,19.865,23.904761904761905,28.60717647058824,29.093888888888884,25.91416666666667,31.768125,16.64,16.64,19.016666666666666,17.3072,25.275060240963853,17.817500000000003,18.03230769230769,17.716153846153848,17.18,17.895,18.560714285714287,18.38571428571429,14.478,16.54888888888889,21.77576271186441,22.86888888888889,16.135555555555555,16.646666666666665,17.044999999999998,17.30034482758621,20.085,16.57,16.69625,16.974285714285717,16.892000000000003,18.018275862068965,16.390625,17.11037037037037,15.151904761904762,14.47027027027027,18.73586206896552,17.482105263157894,17.617857142857144,17.198888888888888,17.581052631578945,16.508108108108107,16.84,17.328,13.196666666666667,16.988857142857142,20.131560283687943,17.4775,17.033846153846152
B06XZ9K244,14.933333333333332,14.95,14.95,13.695,13.695,13.695,14.85,14.85,12.47,11.72,17.09142857142857,16.548333333333332,15.312222222222225,22.27,13.6875,14.6975,14.15,15.181111111111113,14.511111111111113,13.975,13.97,11.175,19.906666666666663,15.382857142857144,14.945,14.95,13.31375,13.31375,13.31375,14.77,14.945,13.786666666666669,14.748,14.95,14.8,14.8,20.777272727272727,20.777272727272727,20.86157894736842,13.884285714285712,14.348,14.326,19.071805555555557,14.0875,23.463037974683544,23.964,14.862962962962964,12.382272727272728,13.965974025974024,13.965974025974024,13.412,11.45,14.544,14.172307692307694,14.14,15.671,12.425,14.635,15.285,17.851565217391304,16.32095238095238
B074VH2VWV,10.49,13.262857142857143,13.262857142857143,21.665,36.39,22.15555555555555,29.903333333333336,34.25,28.02375,35.125,27.88,36.04521739130435,38.20666666666666,46.468536585365854,39.45098591549296,41.34487804878049,47.664,38.321666666666665,37.9572,25.512222222222224,10.394,11.99,10.68,10.68,8.99,8.99,8.99,8.99,8.99,12.0,12.0,9.99,9.99,9.99,9.99,13.044864864864866,13.075818181818182,13.386075949367088,12.493134328358208,12.125,12.285,11.996666666666668,11.901666666666666,12.255,11.975,11.918,11.468,11.315671641791043,11.541052631578948,11.624545454545457,10.774333333333336,12.981666666666667,15.347142857142856,14.385416666666666,14.768888888888888,12.97,14.21,12.864545454545452,12.99,11.49,12.99
B076DFT21J,21.95,21.95,21.95,21.95,21.95,21.95,21.95,21.95,22.45,22.473809523809525,22.404545454545453,19.99,19.99,21.72,21.778,22.374,25.79,25.99,25.99,27.99,29.79,29.49,25.24,24.99,26.99,26.99,25.189999999999998,26.656666666666666,23.115,23.115,23.115,27.99,27.189999999999998,27.189999999999998,27.189999999999998,23.115,23.115,23.115,25.115,24.74,24.698333333333334,26.99,22.49,24.45428571428571,24.0675,25.99,27.35,22.52333333333333,25.99,20.79,24.256666666666664,23.39,23.39,23.39,23.939999999999998,23.39,27.49,20.79,25.59,24.39,25.49
B076FGVCRH,,2.9800000000000004,2.9800000000000004,2.98,2.9800000000000004,2.760810810810811,2.760810810810811,2.825,2.825,2.825,3.44,3.5063157894736845,3.4200000000000004,3.49,5.202222222222222,8.485333333333333,6.974520547945206,3.396,3.3266666666666667,3.49,5.2875000000000005,4.2475000000000005,4.995,3.041,1.4328571428571428,1.0,1.0,1.0,1.0,3.08,2.0700000000000003,3.2350000000000003,3.2350000000000003,3.2350000000000003,3.2350000000000003,1.75,3.44,3.435,3.695,3.695,3.7052,3.695,3.695,3.695,3.756,3.715,3.616923076923077,3.662368421052632,3.53,3.576470588235294,3.6033333333333335,3.4718750000000003,3.535,2.99,2.99,3.215,3.44,3.695,4.215,5.68,5.044347826086956
B076HK9H7Z,9.532795698924732,11.26777777777778,14.210402684563755,13.3048,12.220695652173914,11.062727272727273,13.078108108108108,13.75982456140351,9.983103448275862,11.37857142857143,12.444046242774569,10.086470588235294,10.17756880733945,9.672916666666667,8.854696132596686,9.310343137254902,9.250098522167487,9.250098522167487,7.045,8.2,6.744545454545454,6.182982456140351,7.559322033898305,7.744937500000001,9.462520325203252,9.375247524752474,9.037696078431372,10.105336322869956,7.551062801932368,9.580576923076922,6.5,9.7403125,8.761538461538462,7.655,8.916046511627906,9.596190476190475,10.176,9.246559139784946,8.897391304347826,9.3575,6.68,6.76,8.891666666666667,8.245714285714286,7.9270588235294115,6.036153846153846,6.625714285714286,7.984999999999999,6.495,7.332000000000001,7.332000000000001,7.984999999999999,7.984999999999999,7.984999999999999,7.984999999999999,8.918888888888889,8.918888888888889,7.891475409836065,9.71225,9.812307692307693,9.717142857142855
B077Y3M7KZ,,4.452142857142857,9.194444444444445,5.153333333333332,5.069444444444445,5.208507462686567,9.007101449275362,7.909565217391304,6.662291666666667,5.825238095238095,4.304615384615385,4.329090909090909,5.5925,6.3725,6.596,6.969677419354839,10.3835,6.435294117647059,6.445454545454546,6.256111111111111,4.74,4.9,4.465,4.465,5.260000000000001,5.53,4.301764705882354,3.49,4.535,4.535,5.381159420289856,5.622156862745098,7.471014492753623,8.098267716535434,5.293333333333333,5.305714285714286,5.305,6.166535433070866,6.42875,5.737142857142857,5.4535294117647055,5.09,5.595,5.595,5.015588235294118,5.00125,4.861428571428571,4.9,5.085,5.475,5.475,5.475,5.89,4.930000000000001,5.94,5.34,5.558571428571429,4.054,4.016666666666667,4.016666666666667,4.016666666666667
B077Y55MGR,,,12.805625,12.805625,12.805625,12.805625,9.95,9.784615384615384,9.7768,9.7768,9.99,12.69,12.69,12.69,12.69,12.69,12.531666666666666,10.5,10.5,10.5,10.5,8.74,10.49,10.19,10.99,12.04,9.99,9.99,9.99,9.99,7.86,7.86,7.86,9.29,9.29,9.29,9.29,14.236666666666666,10.74,10.74,10.97,10.97,10.97,10.97,10.97,9.615,9.615,9.615,9.615,11.845,11.005,12.2325,11.985,14.695714285714288,17.017058823529414,20.079473684210527,18.563846153846157,16.734545454545454,12.937142857142858,12.75611111111111,13.64
B077Z1R28P,16.668080000000003,13.679642857142856,13.301111111111112,15.775714285714283,15.775714285714283,12.76,8.697777777777778,9.475,9.156666666666666,9.245,14.328275862068963,9.76037037037037,9.98,9.98,9.97019867549669,10.194137931034485,8.192,9.97,8.5,9.935,9.657272727272728,8.262727272727274,10.056727272727272,9.905116279069768,9.755652173913044,9.441,9.49,9.54,9.49,9.49,9.4175,9.915,9.915,13.609523809523813,9.49,9.48,9.48,9.336,9.336,9.336,9.665,7.782222222222223,8.23904761904762,8.545714285714286,8.604,8.86,9.330625,9.72,9.540909090909093,9.263333333333334,9.708888888888888,8.205172413793104,9.5945,9.609354838709676,9.599565217391303,9.625882352941176,8.2696875,8.318461538461538,9.504,9.7,9.1132
B078WM314M,8.644692307692308,10.230763358778626,10.74263157894737,10.7775,10.7775,13.49,14.612,14.99,12.675,10.155,10.442857142857145,10.442857142857145,9.834083333333332,9.456666666666665,9.585,9.865555555555556,9.891470588235293,10.01057142857143,10.33,12.703999999999999,12.186666666666667,12.050138888888888,9.44558823529412,10.679887640449438,11.436666666666666,11.219333333333333,10.179674796747967,11.8925,12.793636363636363,12.141,11.67181818181818,13.344999999999999,11.474166666666667,12.573333333333332,13.677000000000001,11.92,10.414285714285715,10.864285714285714,10.597,11.315,10.967272727272727,10.187999999999999,10.945,9.99,9.115,9.34,10.298,10.32734375,10.039193548387098,10.386097560975609,14.676808510638297,14.718125,12.321428571428571,9.695333333333334,10.904528301886794,9.75,9.7225,9.711538461538462,9.629375,9.738333333333333,9.386923076923077
B079W8128Y,13.795000000000002,13.795000000000002,19.1,22.2775,24.345,26.49,26.53,21.55,19.035,18.65,20.87444444444445,20.87444444444445,19.495,19.495,19.495,19.495,23.4075,24.108461538461537,20.33230769230769,21.415,20.585,20.585,20.585,20.585,20.585,20.585,20.585,20.585,20.585,20.585,20.585,20.585,20.585,18.555,17.494999999999997,17.494999999999997,19.95,18.656666666666663,19.24,18.256666666666664,18.256666666666664,18.256666666666664,18.256666666666664,18.256666666666664,18.256666666666664,18.256666666666664,18.256666666666664,18.256666666666664,18.256666666666664,17.99,17.99,17.99,17.99,16.99,16.99,16.99,16.99,16.99,15.495,17.49,12.995
B07BJ5L7N3,8.455454545454545,7.652857142857143,11.932,11.549333333333331,7.214374999999999,4.2,4.99,4.985,4.985,5.255454545454546,6.8505714285714285,3.0700000000000003,3.0700000000000003,6.49,6.49,6.49,4.74,9.418235294117649,6.600727272727273,5.024,5.154716981132076,4.500666666666667,8.105212765957447,7.049775280898877,6.2,5.975,4.8125,4.99,4.99,5.823333333333333,4.99,4.99,4.99,4.99,4.9025,4.9025,4.9025,6.394516129032258,6.743055555555555,5.92,5.92,10.8346875,4.973333333333334,4.523333333333333,4.95,4.985,13.542222222222222,4.985,4.495,7.663846153846153,6.050833333333333,6.050833333333333,8.418666666666667,4.49,4.74125,4.548333333333334,4.548333333333334,4.548333333333334,9.955714285714285,4.98,4.827500000000001
B07BYWS5XW,,11.88,11.88,11.88,11.88,11.88,11.88,11.88,11.88,11.88,11.88,11.88,11.99,12.454,12.16846153846154,12.382,11.695,12.468461538461538,12.808000000000002,12.49,12.49,13.510000000000002,12.49,12.99,13.965000000000002,14.2775,13.740909090909092,13.630384615384616,14.038800000000002,14.866666666666667,13.964090909090908,13.784,13.507391304347829,14.100909090909092,14.055,13.9092,13.978823529411766,13.944090909090908,14.24,13.836521739130434,13.992173913043478,13.743461538461538,13.5655,12.885384615384616,12.461785714285714,12.610434782608696,12.498260869565216,12.581153846153846,13.2325,13.37689655172414,13.498846153846156,13.649666666666668,13.625833333333333,13.455862068965518,13.290357142857143,13.900476190476192,13.802142857142856,13.844782608695652,13.760370370370367,13.843333333333334,13.843333333333334
B07D4RN9NH,12.372083333333334,15.14076923076923,12.99,26.80025,12.72,29.862142857142857,12.734615384615385,28.900769230769228,28.900769230769228,12.87409090909091,12.649333333333336,12.692,12.692,14.608333333333333,13.637058823529411,20.30034482758621,30.44545454545455,24.617619047619048,25.515054945054946,24.435,24.435,23.932,12.586,11.778571428571428,18.69,18.65,18.68,18.68,22.026666666666667,23.19333333333333,21.06,21.06,15.356666666666666,14.850666666666664,15.0068,14.673333333333334,16.25916666666667,13.8175,13.913703703703703,13.52076923076923,13.398181818181818,14.315,16.22533333333333,14.291153846153843,13.15388888888889,13.6275,15.955499999999995,13.863333333333332,13.911304347826086,14.25076923076923,18.12590909090909,14.8,14.8,15.272857142857143,15.243333333333334,15.03,15.36111111111111,12.910555555555554,13.233928571428573,14.065172413793103,13.97875
B07G7J3HH5,41.38,41.38,30.92,30.92,24.46,45.97333333333333,26.95,46.97289156626506,44.48952380952381,26.776666666666667,26.945,35.254000000000005,46.14259259259259,44.79129032258064,42.39785714285715,47.9725,28.45,46.43,38.59666666666666,29.95,27.63,24.99,24.99,24.99,24.99,26.24157894736842,26.24157894736842,34.64151515151515,44.1555737704918,26.99,26.99,24.99,24.99,24.99,24.96884615384615,24.660833333333333,24.604,24.51,24.97714285714286,24.975,24.975,24.26,24.26,24.26,24.26,49.271428571428565,43.573,24.915,24.95,24.95,36.82071428571429,32.12321428571429,31.735,43.582,24.95,24.95,24.42714285714285,24.42714285714285,24.42714285714285,24.945000000000004,24.945000000000004
B07H6YDCM1,8.43,8.43,7.81,7.81,7.81,7.81,7.81,7.81,7.81,7.81,7.81,7.81,7.81,7.81,7.81,7.81,7.81,7.81,7.81,7.81,7.81,7.81,7.81,7.81,7.81,7.81,7.81,7.81,7.81,7.81,7.81,7.81,7.81,7.81,7.81,7.81,7.81,7.81,7.81,11.99,14.99,14.99,14.99,12.635,12.635,14.628181818181815,10.975454545454546,11.412647058823527,11.432222222222222,11.257142857142856,11.748620689655173,11.461343283582089,11.2724,10.219263157894735,9.122816091954022,8.423684210526316,8.853529411764706,9.57297520661157,9.635350877192984,8.988311688311688,8.79013986013986
B07J11X71X,,,,22.3675,19.99,19.99,22.49,22.49,22.49,22.49,19.975,19.975,19.975,19.9745,19.97384615384615,19.97384615384615,19.97384615384615,19.99,19.975,19.975,19.975,18.89210526315789,17.47,17.80923076923077,17.97,18.95083333333333,17.793684210526315,18.945,12.99,19.636666666666667,19.636666666666667,19.978,19.975,19.975,19.975,19.975,19.975,19.378,17.975,19.99,19.907272727272726,19.646666666666665,19.646666666666665,19.646666666666665,19.646666666666665,17.146470588235296,15.77516129032258,14.962142857142856,20.39,17.854444444444443,19.631428571428568,19.711111111111112,20.815,18.49,20.37333333333333,19.99,15.733333333333334,14.079999999999998,15.693333333333332,18.003333333333334,19.29
B07K3MDL49,15.315,9.99,9.99,9.99,8.84,9.465,8.94,6.411666666666666,4.125,4.125,10.963333333333331,10.96,10.96,18.95,21.0092,21.0092,21.0092,11.99,11.99,11.99,10.97,20.297142857142852,19.55941176470588,11.45,11.233529411764708,10.780625,11.569,11.706,11.4,10.18375,10.012,10.394,10.394,9.99,10.586,10.586,10.586,11.804285714285712,11.94,11.94,11.94,11.985,11.946666666666667,11.495,11.495,9.986666666666666,10.99,10.99,10.99,10.99,10.99,9.865,9.865,9.99,14.776363636363635,14.155185185185186,13.73375,8.481428571428571,9.876315789473685,9.89,9.96
B07KHTVXX1,,10.99,10.99,10.99,10.99,10.99,10.99,10.99,10.99,10.99,10.99,10.99,10.99,10.99,10.99,10.99,10.99,10.99,10.99,11.99,12.99,12.99,8.99,6.99,6.99,6.99,6.99,6.99,6.989999999999999,7.99,7.99,7.99,7.99,7.99,7.99,7.99,7.99,7.99,7.99,7.99,7.99,7.69,7.156666666666666,7.156666666666666,7.156666666666666,4.99,4.99,3.99,5.656666666666666,5.656666666666666,6.19,6.19,6.19,5.99,6.99,6.49,6.49,5.94,6.99,6.29,6.640000000000001
B07MBW6JNL,7.0600000000000005,6.99,7.290000000000001,6.99,7.29,7.19,7.489999999999999,6.989999999999999,6.989999999999999,7.275714285714286,6.99,6.99,7.754705882352942,6.989999999999999,6.4925,7.49,7.365,6.915714285714286,6.686923076923078,6.8675,5.99,7.173333333333334,7.344166666666666,6.49,6.49,6.5726956521739135,6.748018867924528,6.363225806451613,6.796666666666667,7.209736842105264,7.602047244094488,7.591327433628319,6.801111111111111,7.512352941176471,7.930654205607477,5.538333333333333,6.238717948717949,7.312857142857142,6.517777777777777,6.412727272727272,6.638125,7.342424242424243,7.1925,5.66,7.7666666666666675,6.882692307692308,7.334242424242424,6.609999999999999,6.99,7.75896551724138,6.98,6.49,6.5760000000000005,8.49,6.4816666666666665,9.24,8.778571428571428,8.824,7.955,6.815,6.866666666666667
B07NXDJ52C,,8.99,16.781333333333333,16.087058823529414,14.36,14.36,14.36,14.36,14.36,15.323333333333332,8.99,8.09,8.09,8.09,8.986666666666666,8.985,8.985,8.77,8.192,7.042878787878789,5.271491228070176,8.653169014084508,9.142241379310343,3.948552631578948,3.0443023255813952,6.354615384615385,6.53634328358209,6.821842105263158,7.024545454545454,7.446363636363636,7.736875,8.986666666666666,8.486315789473684,8.962,8.513333333333334,8.601666666666667,8.712857142857143,8.26808510638298,8.752921348314606,8.77923076923077,8.353181818181818,8.359545454545454,8.687777777777777,8.338695652173914,8.15857142857143,8.49521739130435,8.27280701754386,8.634347826086957,8.676,11.15712,8.820769230769232,8.246,8.6775,8.625,8.655,8.620000000000001,8.07,7.670000000000001,10.898529411764706,7.645,7.533749999999999
B07P6MZPK3,9.482083333333334,13.457333333333333,15.29361111111111,14.061999999999998,9.466666666666669,9.538,9.478,8.16,8.96875,9.99,7.73,8.58,9.99,9.8325,9.24,9.89,9.055,9.55,7.513571428571429,6.342569444444445,5.609229024943311,5.716376811594203,7.7448837209302335,7.017872340425533,8.612727272727273,8.161428571428573,7.816413043478261,8.78448275862069,10.381304347826088,10.911764705882351,10.872692307692308,10.499642857142858,10.15846153846154,10.478732394366196,10.301509433962265,6.225,6.49,9.013571428571428,10.749666666666666,9.659,10.77818181818182,10.8375,10.649090909090908,10.39153846153846,9.715454545454548,10.571428571428571,9.664545454545454,10.54,11.505217391304347,11.064102564102564,10.826315789473684,11.019,10.551818181818184,10.406,10.638636363636364,10.86923076923077,10.773333333333332,10.62157894736842,9.24,10.248125,10.985
B07Q3FP6DT,,,,,,,,,,,,,,,,,7.835000000000001,7.883333333333334,7.930000000000001,7.930000000000001,7.930000000000001,7.930000000000001,7.930000000000001,7.930000000000001,7.930000000000001,7.930000000000001,7.930000000000001,7.380000000000001,7.380000000000001,7.380000000000001,7.446666666666666,7.446666666666666,7.446666666666666,7.446666666666666,7.446666666666666,7.99,7.99,7.99,7.49,7.49,7.59,7.59,7.59,7.59,6.39,7.99,7.19,7.19,7.19,7.19,7.19,7.19,7.19,7.19,7.19,7.19,7.19,7.19,7.59,7.59,7.59
B07QVLTW4X,,,,,,4.99,4.99,4.99,4.99,4.99,4.99,4.99,4.99,4.99,4.99,4.99,4.99,4.99,4.99,7.704285714285715,8.39,7.99,7.99,7.99,7.99,7.99,7.99,7.99,7.99,7.99,7.99,4.99,5.99,5.3118181818181816,5.3432258064516125,5.964,5.964,5.964,4.63,6.890000000000001,6.890000000000001,5.640000000000001,5.640000000000001,5.640000000000001,5.640000000000001,5.640000000000001,5.640000000000001,5.640000000000001,5.640000000000001,5.640000000000001,5.640000000000001,5.29,5.29,5.69,5.29,5.29,5.29,5.29,5.29,5.64,5.29
B07S1V5WG1,,20.49,21.74,21.74,21.74,21.74,21.74,21.74,21.189999999999998,22.189999999999998,23.47222222222222,19.49,21.99,21.99,20.99,20.99,23.99,23.99,20.99,20.99,23.99,25.479999999999997,25.589999999999996,25.589999999999996,22.49,22.49,22.49,23.99,23.389999999999997,24.14,24.14,22.189999999999998,25.49,25.99,26.13285714285714,23.36,23.57,23.57,23.57,23.57,22.49,23.49,22.99,22.99,23.99,24.2425,23.99,21.765,22.506666666666664,22.506666666666664,21.93,21.93,21.93,21.59,21.59,21.59,21.59,19.19,25.275714285714283,22.71,22.79
B07SPC37YZ,10.061428571428573,9.365,8.99,10.190000000000001,9.89,9.89,9.89,9.89,10.24,9.656666666666666,8.99,10.156666666666666,9.156666666666666,10.99,11.74,12.24,10.365,10.74,8.99,10.323333333333332,11.49,11.49,12.561428571428573,10.99,10.99,10.99,12.99,11.99,11.056666666666667,9.99,8.99,9.74,9.24,9.74,8.99,9.99,9.99,8.99,8.99,8.99,8.49,7.84,6.39,8.49,9.688333333333334,9.770000000000001,10.99,8.09,9.323333333333332,9.323333333333332,9.24,8.54,8.54,9.27,8.315,8.315,8.315,9.55,8.99,8.99,8.795
B07TJ73MG4,6.69,6.24,4.99,6.475714285714285,7.956666666666666,5.99,6.390000000000001,6.79,6.390000000000001,5.98,5.98,5.98,5.98,5.99,5.989999999999999,5.989999999999999,6.015000000000001,6.015000000000001,6.015000000000001,6.140000000000001,6.140000000000001,6.140000000000001,6.140000000000001,6.140000000000001,6.49,6.49,6.49,6.49,6.49,7.115,7.115,7.115,7.140000000000001,7.095000000000001,6.235,6.49,6.49,6.49,6.49,6.49,6.49,7.095000000000001,5.98,6.24,6.4750000000000005,5.952857142857143,4.470000000000001,3.98,4.11,3.95,4.29,4.253333333333333,3.89,4.396666666666667,4.396666666666667,4.396666666666667,4.49,4.91,4.91,4.91,4.91
B07V4P5FBM,,54.53625,73.70571428571428,77.27428571428571,113.062,100.4918181818182,93.194,93.194,93.194,84.495,66.995,66.995,68.76285714285714,73.10354430379746,93.63,80.46357142857143,76.17351351351351,34.01547619047619,25.769464285714285,43.63352941176471,42.24,58.96533333333333,53.26,60.71736842105264,57.81992805755396,60.24075757575758,59.70666666666667,56.26142857142857,57.20636363636363,49.50526315789474,47.565,43.74,57.314772727272725,57.08121052631579,54.76,51.1575,61.71347826086956,51.49,55.31625,58.118947368421054,55.018,58.83928571428572,58.632000000000005,52.70909090909092,54.39,54.47888888888889,51.6277,55.008037383177566,57.45076923076923,62.1224358974359,62.07029850746269,67.96927927927928,80.79285714285713,99.1888888888889,91.945,100.0,100.0,100.0,100.0,100.0,100.0
B07VFCQ3BT,18.99,19.24,21.434444444444445,23.589999999999996,25.49,20.99,20.99,20.99,20.99,20.99,20.99,20.99,20.656666666666666,25.156666666666666,22.99,20.49,18.99,17.564999999999998,17.564999999999998,18.99,17.564999999999998,17.564999999999998,20.99,20.99,20.656666666666666,20.70428571428571,22.323333333333334,20.24,20.4525,21.49,20.34,20.34,19.99,29.990000000000002,21.99,19.99,21.99,27.115,25.49,21.823333333333334,20.99,26.323333333333334,24.656666666666666,21.791999999999998,21.99,21.99,21.99,20.189999999999998,19.49,24.08090909090909,21.49,20.24,19.34,20.5075,20.5075,20.5075,20.5075,23.33666666666667,18.384999999999998,18.384999999999998,18.384999999999998
B07VW8KWLR,,37.99,37.99,37.99,37.99,35.99,32.99,32.99,27.99,27.99,35.56142857142857,32.32333333333333,28.32333333333333,29.99,29.99,29.99,29.99,29.99,29.99,29.99,25.49,34.82333333333333,39.49,34.83,30.59,35.99,33.29,33.190000000000005,30.515,33.790000000000006,34.565000000000005,33.295,33.295,37.220000000000006,40.656666666666666,32.056666666666665,33.29,33.29,36.99,32.056666666666665,33.29,36.83444444444444,33.29,33.29,33.29,35.190000000000005,38.49,32.056666666666665,36.14,33.29,34.52333333333333,33.29,33.29,33.29,33.29,33.99,33.99,28.89,33.49,32.57000000000001,30.10333333333333
B07WGXTKGY,11.815,11.535454545454543,11.418571428571427,11.49,9.323333333333332,9.323333333333332,9.323333333333332,7.8895,8.24,9.3625,8.823333333333332,8.99,9.212222222222222,8.323333333333332,7.356666666666666,8.24,7.326666666666667,6.57,6.57,5.94,6.99,6.99,6.99,8.99,8.99,9.99,9.99,8.851428571428572,9.745,9.7375,8.99,8.848571428571429,9.14,9.49,9.49,9.49,8.54,8.54,8.54,8.54,8.54,7.84,6.24,7.24,7.24,8.504000000000001,8.504000000000001,7.49,7.99,7.49,7.49,7.49,7.49,6.99,6.69,6.49,7.49,7.965,7.24,6.862500000000001,7.156666666666666
B07WZDGVYJ,25.99,26.49,28.99,28.24,26.49,25.49,25.49,25.49,25.49,29.49,33.690000000000005,28.49,28.49,24.965,24.965,25.3025,24.290000000000003,26.99,25.973333333333333,25.465,29.12333333333333,31.79,34.8,30.32,28.99,26.815,26.815,26.815,26.815,26.815,26.09,25.0025,26.09,27.05666666666667,30.14,26.4525,26.09,26.09,26.09,25.39,24.69,24.69,24.69,24.69,26.34,24.69,24.69,25.12333333333333,23.74,23.74,23.54,23.54,23.54,23.54,23.54,23.54,23.54,22.09,25.74,25.74,23.115
B07Y98CFPB,19.985,19.985555555555557,41.76257142857143,37.57029411764706,17.485,15.7375,14.969999999999999,14.969999999999999,12.71,12.910666666666666,12.32875,16.346163522012578,19.845454545454544,21.452589928057552,21.717027027027026,18.793333333333333,19.68674418604651,21.59796875,18.8204,14.142,15.908000000000001,14.273333333333333,15.609,12.043529411764707,13.506296296296297,13.885000000000002,13.990714285714287,14.303571428571429,14.067777777777778,15.880625,14.215,13.790624999999999,14.226666666666667,13.99,13.677777777777777,12.49,16.677894736842106,15.866206896551724,14.94111111111111,14.872666666666667,17.038571428571426,28.456153846153846,31.378777777777778,13.94,16.986666666666668,12.356111111111112,12.858421052631579,13.793191489361702,13.940666666666667,14.05375,11.1825,14.827702702702704,13.844166666666666,15.19608695652174,13.6925,12.946000000000002,14.582173913043478,14.568260869565217,14.322105263157894,14.633750000000001,14.708620689655174
B07YYS5VMK,,13.99,13.99,13.99,13.99,13.99,13.99,13.99,13.99,13.99,13.99,13.99,13.99,13.99,13.99,11.99,11.99,11.99,11.99,11.99,10.643333333333333,9.993333333333334,11.98,11.985,10.55,9.280000000000001,9.903478260869566,23.34958333333333,21.954545454545453,22.651875,24.726896551724135,24.726896551724135,23.224666666666668,27.84222222222222,22.957333333333334,14.442499999999999,11.89,11.99,17.963333333333335,19.378333333333334,19.385833333333334,20.41611111111111,22.557894736842105,20.555714285714288,20.555714285714288,12.844615384615384,10.950588235294118,11.79,11.79,11.622222222222222,11.595833333333333,11.47764705882353,10.812142857142858,11.653333333333334,18.69295081967213,16.517333333333333,17.496000000000002,11.446666666666667,11.586666666666668,11.71,11.943048780487805
B07ZS6WM9D,,,,,29.99,29.99,64.38,54.22444444444445,29.989999999999995,50.785,28.99,28.99,28.99,37.49,29.99,41.724782608695655,29.49,46.416875,49.61714285714286,58.03730769230769,31.32333333333333,47.08461538461539,54.84601503759399,57.93583333333333,35.92071428571428,33.25714285714285,42.80692307692308,42.80692307692308,42.80692307692308,23.808333333333334,23.808333333333334,23.808333333333334,23.808333333333334,36.587857142857146,40.05074074074074,42.94157894736842,38.74363636363636,37.457125000000005,37.81276595744681,43.0146875,24.49,24.49,24.49,24.64333333333333,24.64333333333333,24.64333333333333,21.49,24.966,32.49,29.99,28.34,29.99,29.99,29.92,29.92,29.92,29.92,26.24,26.74,27.74,29.99
B07ZV31J31,,,,,,,13.976666666666668,10.034285714285716,10.073333333333332,10.073333333333332,10.44,10.165,10.49,11.4925,9.812222222222225,10.99,9.99,9.99,10.3275,10.156666666666666,12.073333333333332,12.24,12.656666666666666,12.9275,12.99,12.945,12.661428571428573,11.277142857142858,11.479333333333331,12.011428571428572,11.691428571428572,11.963157894736844,11.882592592592593,6.99,8.704285714285714,8.99,8.49,9.39,8.918571428571429,8.49,8.49,9.89,8.99,8.99,8.99,10.24,8.99,8.99,8.98,8.97,8.969999999999999,8.97,8.63,8.63,8.306666666666667,7.643333333333333,8.81,10.304444444444446,9.348571428571429,8.49,8.49
B0829FT44S,,17.49,19.49,19.49,19.49,19.49,19.99,19.74,19.48,18.746666666666663,19.044444444444444,17.954666666666665,18.35333333333333,19.83578947368421,18.47892857142857,13.29,13.339655172413794,19.2225,18.648,18.648,18.36111111111111,18.084545454545456,16.551904761904762,12.201739130434785,11.036666666666669,10.697,10.188,9.511666666666668,8.956818181818182,7.877777777777778,6.633333333333333,7.516511627906977,7.910588235294117,8.358620689655172,9.94794871794872,9.124054054054051,8.21,7.376603773584906,7.8298461538461535,7.166521739130434,6.903055555555556,6.1171875,5.806315789473683,6.045135135135135,6.3055,6.45,7.171707317073171,5.945714285714286,5.800714285714286,5.657500000000001,5.556153846153847,5.758636363636364,5.326410256410256,5.08724358974359,4.94,3.92,4.87,5.215,6.276666666666667,6.1325,6.025
B082KJCCD1,16.99,19.19,23.59,19.99,19.99,18.99,19.32333333333333,19.99,19.24,22.99,22.99,22.59,16.99,18.49,19.99,17.215,17.215,18.49,16.79,18.49,18.49,20.79,24.365,20.49,19.99,21.506666666666664,18.69,20.34,21.99,20.34,18.965,18.523333333333333,21.99,18.99,23.39,19.49,17.99,17.99,17.99,17.99,18.656666666666663,18.656666666666663,17.99,17.99,16.99,16.99,20.84714285714286,16.99,16.99,16.99,16.99,16.99,16.99,18.49,16.990000000000002,16.99,15.665,16.99,21.74,16.99,16.99
B082VYVV8T,,12.52727272727273,12.32,14.623333333333331,11.99,14.585,14.585,12.735,12.735,12.105,14.15,14.15,14.15,14.15,13.49,12.74,12.74,13.675,13.675,13.485,11.69,12.356666666666667,12.356666666666667,10.716,14.155,14.155,14.155,13.1175,13.1175,13.1175,8.34,13.99,13.99,22.4476,21.90857142857143,20.81,17.111428571428572,17.111428571428572,17.111428571428572,17.111428571428572,12.416666666666666,10.039090909090907,9.29,11.9625,12.07875,12.07875,11.55125,10.128461538461538,12.4218,12.413414634146342,10.93142857142857,10.93142857142857,13.98,19.184166666666663,15.379375,12.57681818181818,12.63,12.86,12.756,12.346,12.341
B083BKRYN6,16.99,19.561428571428568,22.99,19.99,19.99,19.99,18.99,19.99,18.49,19.99,24.49,21.68,21.68,18.49,18.49,16.79,15.39,15.39,15.725,15.989999999999998,19.99,21.99,24.49,22.506666666666664,21.265,21.265,21.265,21.84,19.54,24.19,18.81,18.81,19.87,18.81,23.006666666666664,17.75,21.99,18.81,18.81,17.75,18.81,19.87,18.536666666666665,18.536666666666665,18.536666666666665,17.49,21.19,17.74,17.74,16.99,16.99,16.99,16.99,16.99,16.990000000000002,16.99,19.85,13.29,18.065,18.065,16.650000000000002
B083QQ6DPG,14.8,14.8,15.95,16.45,16.95,16.95,16.95,16.95,16.95,16.95,16.95,16.95,16.95,16.95,16.95,16.95,16.95,16.95,19.95,19.95,19.95,19.95,19.95,19.95,19.95,19.95,19.95,19.95,19.95,19.95,19.95,19.95,19.95,19.95,19.95,19.95,19.95,19.95,19.95,19.95,19.95,19.95,19.95,19.95,19.95,19.95,19.95,19.95,19.95,19.95,19.97,19.97,19.97,18.99,19.39,19.24,19.59,19.98428571428571,19.3425,19.49,19.49
B083Z3JMGP,9.97,13.948,19.723333333333333,11.725,11.725,11.47,11.47,11.47,11.47,9.885,14.474615384615388,8.99,8.653333333333334,13.551428571428572,12.745652173913042,9.985,9.658333333333331,9.908181818181818,9.7175,8.49,8.357692307692307,9.405454545454546,9.043125,9.043125,9.994117647058824,9.988181818181818,8.986,8.986,8.986,8.986,8.986,8.986,6.409999999999999,6.055,6.1875,5.9775,5.91090909090909,9.677428571428573,8.91943396226415,9.065396825396826,9.140357142857145,8.939565217391305,9.538571428571428,8.739473684210527,9.148181818181818,8.400185185185185,9.66,8.922272727272727,8.259642857142858,7.718064516129032,8.786,9.564347826086957,9.42625,9.06409090909091,9.69,8.496,7.643125,7.342727272727273,7.823333333333333,9.094,7.6075
B083ZZSGLR,7.323333333333333,7.49,7.49,6.88,6.883333333333333,7.388928571428571,6.884912280701754,6.703636363636363,6.885185185185185,11.39,7.1066666666666665,6.885000000000001,6.885,6.9015,6.905,6.885,6.885,6.885,6.9350000000000005,6.91,5.946190476190476,7.1809677419354845,7.947051282051282,6.863846153846154,6.092380952380952,7.215714285714285,6.908333333333334,7.545263157894738,7.812352941176471,7.989999999999999,7.9484375,7.255324675324675,8.598,11.914705882352942,8.70125,7.313333333333333,7.448,7.381428571428572,10.67,6.943409090909091,6.805000000000001,7.496666666666667,7.525,7.273333333333333,7.008823529411765,7.135555555555555,7.135555555555555,7.135555555555555,6.88,6.554444444444445,6.554444444444445,6.6375,6.488,7.53,7.205,7.205,6.6850000000000005,7.26,7.26,6.235714285714286,6.48375
B084NTDW9Y,,,,,,53.83142857142857,21.77695652173913,18.747941176470587,21.167857142857144,18.145,17.18175,14.14111111111111,13.6075,14.852500000000001,14.943333333333333,14.4875,14.88,13.463333333333333,13.291111111111112,13.291111111111112,17.313235294117646,13.307333333333332,13.908461538461538,14.801578947368421,14.222260869565217,13.073846153846155,11.602142857142857,11.602142857142857,13.8125,11.416379310344826,12.7459375,14.281818181818181,13.838888888888889,14.007777777777777,14.834736842105263,14.839,14.853333333333333,13.023333333333333,12.515555555555556,14.26625,13.7815,15.0475,15.509411764705884,14.947999999999999,14.762173913043478,15.25736842105263,16.36,16.323333333333334,18.201249999999998,18.2875,19.186,19.87,19.3,17.330000000000002,19.476666666666667,19.6175,19.6175,19.83,16.133809523809525,13.290000000000001,13.290000000000001
B087N9N6HH,,,,,,,,14.99,19.39,20.347142857142853,24.756,23.853,24.597251908396945,18.30666666666667,18.30666666666667,14.99,14.99,22.556,17.9725,33.54769230769231,33.54769230769231,33.54769230769231,15.99,22.706666666666667,22.57,22.57,15.715,15.715,15.214,13.953,13.80909090909091,15.170526315789472,14.780384615384616,13.959583333333333,15.41909090909091,14.27206896551724,14.632105263157897,13.777666666666669,14.560714285714283,14.994583333333331,14.316756756756757,14.316756756756757,14.316756756756757,14.316756756756757,15.556818181818182,15.176666666666668,15.66529411764706,15.76235294117647,16.40555555555555,15.7425,15.7425,10.99,15.574444444444444,16.22,16.244999999999997,13.824285714285711,16.99,16.985,16.5,16.415,15.1835
B08998ZX35,,,,,,,74.995,17.99,14.24,19.99,21.24,21.24,18.99,18.99,18.99,18.99,19.99,19.99,19.99,19.99,19.99,21.99,22.656666666666666,20.99,20.99,20.99,20.99,19.24,19.99,19.99,20.99,21.439999999999998,22.99,24.99,23.656666666666666,23.597142857142853,23.29,24.698333333333334,24.99,24.99,24.99,22.49,22.49,22.49,21.75,22.435,22.435,22.435,22.435,22.435,22.435,22.435,22.435,22.67285714285714,22.435,22.435,22.316,21.048,22.0275,19.99,19.99
B089B42F9W,,,,,,,11.48,12.790000000000001,12.39,14.99,17.656666666666666,17.99,17.99,18.656666666666666,18.656666666666666,18.656666666666666,18.656666666666666,18.656666666666666,18.656666666666666,18.656666666666666,18.656666666666666,18.656666666666666,19.99,20.24,18.99,18.49,20.323333333333334,20.323333333333334,20.323333333333334,20.323333333333334,20.323333333333334,20.323333333333334,20.323333333333334,19.49,19.99,19.99,18.49,18.99,17.323333333333334,17.99,18.323333333333334,18.323333333333334,18.323333333333334,18.323333333333334,19.49,21.49,21.49,17.985,17.985,17.985,17.985,17.985,17.985,17.985,17.985,17.985,17.985,22.49,17.99,17.99,17.985
B08C7G8ZTJ,,,,,,,,79.99,79.99,79.99,83.39,85.28411764705882,79.99,79.99,79.99,83.74,84.99,84.99,84.99,84.99,84.99,84.99,84.99,84.99,84.99,84.99,84.99,84.99,84.99,84.99,84.99,84.99,84.99,84.99,84.99,84.99,84.99,84.99,84.99,84.99,84.99,76.49,76.49,76.49,76.49,72.24,72.24,72.24,72.24,72.24,72.24,72.24,72.24,69.99,69.99,69.99,88.99,77.99,77.99,77.99,77.99
B08DHVW3KP,,,,,,,,13.99,13.99,11.754,13.99,13.99,13.99,11.75,12.94,12.94,12.94,12.94,14.49,12.94,14.97,13.12,12.485,12.485,13.845,13.845,13.845,13.896666666666668,13.896666666666668,13.896666666666668,13.896666666666668,13.896666666666668,14.48,14.48,13.8425,13.8425,13.8425,15.445263157894736,14.9075,14.83,14.895,14.895,14.895,14.2,14.2,13.47,13.205,14.86,12.47,14.9075,14.735,14.735,14.735,14.95,14.95,14.95,16.97,13.672,14.97,17.47,17.47
B08DNLWW6P,,,,,,,,14.99,13.99,13.99,13.99,13.99,12.94,13.29,11.99,11.09,11.09,11.09,11.09,11.09,11.09,12.23,12.23,12.715,11.04,10.19,12.656666666666666,11.673333333333332,11.673333333333332,11.673333333333332,11.99,13.19,13.82,16.23,20.887272727272727,16.563333333333333,17.582,16.650000000000002,14.236666666666666,14.825,11.98,14.61,12.475,12.25,10.99,12.49,14.418571428571427,10.84,10.84,10.84,9.49,11.99,11.99,13.323333333333332,11.49,11.49,11.49,9.99,13.171818181818184,11.49,11.49
B08F7C5K2L,,,,,,,23.99,22.19,19.99,25.32333333333333,26.365,24.49,22.19,22.19,22.19,22.19,18.69,23.99,22.19,23.34,25.49,27.04,28.99,25.2275,23.115,23.115,23.115,23.74,23.115,23.115,22.74,22.74,22.74,26.99,31.143846153846155,21.99,22.74,22.74,22.99,23.49,22.9275,22.49,23.99,19.99,23.32333333333333,22.49,22.49,22.49,22.49,22.49,22.49,20.4925,20.4925,19.99,22.49,23.32333333333333,22.49,22.49,23.99,22.49,22.49
B08HD89CX6,,,,,,,,,,,19.99,17.99,20.99,20.99,17.29,17.99,17.99,17.99,17.49,18.99,18.99,22.656666666666663,27.24,15.989999999999998,15.989999999999998,15.989999999999998,15.989999999999998,15.99,15.99,16.99,16.323333333333334,17.24,17.24,17.99,22.74,17.064999999999998,14.99,23.531666666666663,19.70428571428571,17.99,17.99,19.49,19.49,16.856666666666666,17.99,17.49,22.256666666666664,17.49,17.49,17.49,18.32333333333333,17.49,17.49,17.49,17.49,17.49,17.49,17.99,18.64833333333333,17.990000000000002,14.989999999999998
B08J4H68MR,,,,,,,,,,9.99,12.49,9.99,9.99,9.99,9.99,9.99,9.99,9.99,9.99,9.745000000000001,9.745000000000001,9.745000000000001,13.234166666666667,12.154857142857143,12.45,9.786521739130436,9.816666666666666,9.816666666666666,14.087857142857144,16.502295081967212,18.80818181818182,17.88108108108108,18.297454545454546,12.318333333333333,10.985,10.985,10.465,14.91078431372549,15.586129032258063,10.985,10.985,10.902941176470588,11.42,12.588,12.138666666666666,10.982857142857142,9.24,9.24,12.299999999999999,12.299999999999999,12.99,14.594999999999999,11.99,12.214285714285714,15.5475,18.1775,18.826,18.99,15.972,17.5925,19.195
B08LK3YZKY,,,,,,,,,,,,,17.99,29.51,18.99,19.945,19.945,19.945,18.878888888888888,19.259090909090908,17.088275862068965,14.905333333333331,12.117,19.976666666666663,15.80909090909091,14.881538461538462,13.633529411764703,13.888571428571428,12.336,14.717916666666667,15.530932203389831,15.288214285714286,15.422950819672131,20.35633333333333,22.59805555555556,20.187619047619048,22.155,22.96,24.278,31.08888888888889,17.703333333333333,18.906,17.538888888888888,15.62,15.702000000000002,15.100454545454545,18.610000000000003,19.283125,18.86388888888889,18.7975,17.29,16.985,16.985,14.875,17.887999999999998,17.393333333333334,17.395,18.176666666666662,17.395,17.395,21.55333333333333
B08PFHW3R5,,,,,,,,,,,,,,33.995,27.076666666666664,28.0,25.33,25.33,22.62,21.32,24.2225,23.292,23.9975,24.33,24.33,20.985,22.031666666666663,22.031666666666663,22.031666666666663,22.031666666666663,22.485,22.15,22.15,22.15,23.892222222222223,24.96,24.96,24.9,26.985,24.9,24.0,24.935,24.935,24.935,24.935,22.465,22.465,22.465,24.2,24.225,24.43,24.625,24.5875,24.5875,24.96,24.96,26.95,25.595,23.72,25.386666666666667,23.095
